pole_id,lon,lat
0,127.6183915665442,37.73219161824542
1,127.61785810600551,37.73200241667946
2,127.61734916901744,37.731836370695085
3,127.61680370009844,37.73166556920084
4,127.61628574539913,37.73150908971134
5,127.61573687476856,37.73135121411882
6,127.61520819159382,37.7312068345036
7,127.61466750734235,37.73106343293267
8,127.61411318544032,37.73092963021276
9,127.61355199510656,37.730803253006094
10,127.61301396343929,37.73069265231226
11,127.6124549999505,37.73058326893853
12,127.61190382085395,37.73048227178048
13,127.61136947248941,37.73039203142284
14,127.610808744492,37.730307029624726
15,127.61023642968844,37.73022847418813
16,127.6096975970876,37.73015960802695
17,127.60913735061357,37.73009707124284
18,127.60857172926448,37.73004236357029
19,127.60799043477816,37.729989354474085
20,127.6074381754046,37.72993946880168
21,127.60688682128325,37.72988967266775
22,127.60631154200136,37.72983772176062
23,127.60573060937195,37.72978324969708
24,127.60518584991632,37.72972842746158
25,127.60463221360544,37.72969552570122
26,127.60407762705356,37.72964361879921
27,127.60352349348437,37.72959189285742
28,127.6029796783927,37.729530973153096
29,127.6024336727909,37.72946024707263
30,127.60187686250757,37.72937917561664
31,127.60132276003148,37.72928762401608
32,127.60078302474805,37.729187462719175
33,127.6002262849753,37.729072579851454
34,127.59969979366144,37.72895311022594
35,127.59916897269603,37.728821580140334
36,127.59862155412512,37.72867387375218
37,127.59810879593655,37.72852394054672
38,127.59758378401288,37.728359329037815
39,127.59707072756488,37.72818713722422
40,127.59655005691116,37.728008811778544
41,127.59603325337385,37.72783755953651
42,127.59552836465124,37.7276725327046
43,127.59499030590248,37.7274845054652
44,127.594456359971,37.72730012580878
45,127.59395565692878,37.72712789128376
46,127.59344536231704,37.72695428634566
47,127.59291369413287,37.72677344545571
48,127.59238030068371,37.7265818924289
49,127.5918738973858,37.72640839655767
50,127.5913527687632,37.72623000400617
51,127.59081674487028,37.72604517871942
52,127.59029234558184,37.72586457998028
53,127.58977441716284,37.72568549486544
54,127.58924024426096,37.72550064333745
55,127.5887369787913,37.72532959691049
56,127.58820989287838,37.7251505561464
57,127.58770507249336,37.72497795438182
58,127.58717763462168,37.72479762045842
59,127.5866521887398,37.7246186332911
60,127.58614908156252,37.72444761450208
61,127.5856154651338,37.72426489672422
62,127.58509654709766,37.72408711448595
63,127.58455939327303,37.72390312297376
64,127.58403231627425,37.7237236644204
65,127.58352301382524,37.723551412740704
66,127.58299501278286,37.72335998631793
67,127.58248067532152,37.7231835343645
68,127.58194317247639,37.72299913379021
69,127.58141596613436,37.72281826887232
70,127.58089862290493,37.72264079314285
71,127.58036604500595,37.72245812615769
72,127.57986391729382,37.7222858699138
73,127.5793232002084,37.72210035199472
74,127.57879460100956,37.72191898592945
75,127.57826164139972,37.72173613482448
76,127.57773623205986,37.72155586368751
77,127.57722669591854,37.72138102251584
78,127.57668735888544,37.7211959628437
79,127.5761853793188,37.72102373072456
80,127.57566980235904,37.72084684447907
81,127.57513973097392,37.72066499192184
82,127.5746203448324,37.72048675278851
83,127.57409992066212,37.7203081361195
84,127.5735968541763,37.72014098140934
85,127.57306511735872,37.71996204030022
86,127.57255793196896,37.71978963359867
87,127.57203752707824,37.71958713804412
88,127.55928324330176,37.71533751362325
89,127.5598105022931,37.7155184904726
90,127.56034386834132,37.71570166054608
91,127.5608489527804,37.715874993980414
92,127.56135215569428,37.71604778403879
93,127.56186364060176,37.71622334326778
94,127.56239941834026,37.71640727821289
95,127.56290292969975,37.71658014896567
96,127.56341009707252,37.71675422285167
97,127.563921205738,37.71692963134775
98,127.56444821010273,37.71711051727827
99,127.56496473650294,37.71728784515428
100,127.56549979197044,37.7174714964605
101,127.56600532268736,37.7176449978451
102,127.5665108823398,37.71781852312855
103,127.56704496617,37.71800184088289
104,127.5675485856132,37.71817470836846
105,127.56805249608176,37.718347680897274
106,127.56859046272164,37.718532311717446
107,127.56909454706988,37.7187052779784
108,127.56963518604404,37.71888171156915
109,127.5701346758348,37.71907156793022
110,127.5706775385555,37.71924738340667
111,127.57118550671744,37.71945405869933
112,127.57169713508635,37.71966880804529
113,127.57222814206168,37.71985785566981
114,127.57276611552808,37.720008024791326
115,127.57330165701934,37.7201592253049
116,127.5738244878063,37.72033096902307
117,127.57433744725277,37.72050452666985
118,127.57487275967128,37.7206881897265
119,127.5754114212444,37.72087300616315
120,127.57593342457744,37.721052106320464
121,127.57643634224992,37.72122466075344
122,127.5769675861092,37.72140696706276
123,127.5774907894374,37.72158650319344
124,127.57802211214307,37.72176877570169
125,127.5785278013322,37.72194222679463
126,127.57904671694664,37.72212027328181
127,127.57957421268809,37.72230125782755
128,127.58007599439892,37.7224734155398
129,127.58061174252866,37.72265719905682
130,127.58113099380068,37.72283533474685
131,127.58167114616168,37.7230206682531
132,127.58220459178435,37.723203681693114
133,127.58273187228976,37.723384549399576
134,127.58323262896864,37.723558506190805
135,127.58376982589147,37.72374678945149
136,127.58431102392277,37.72393280416826
137,127.58482772434166,37.72410984810037
138,127.585347123987,37.724285120528315
139,127.58586438471713,37.72446472616637
140,127.58639162239665,37.72464535136199
141,127.58692127204898,37.72482709894646
142,127.58743236141054,37.72500261330209
143,127.58793315055397,37.72517453469021
144,127.58844744656184,37.72534967712896
145,127.58898365615232,37.725532279285495
146,127.58951600882833,37.72571521654962
147,127.59005058385964,37.725900110259545
148,127.59055417422248,37.72607437467951
149,127.59107779281209,37.726255844182965
150,127.59158545156568,37.726431779432666
151,127.59211699723728,37.72660379656748
152,127.59265616499184,37.726790312197
153,127.5931924402019,37.7269755368294
154,127.59373315300776,37.72715963444253
155,127.5942484367668,37.727336261100085
156,127.59477015942836,37.727516100765705
157,127.59527552600532,37.72768758820303
158,127.59581077624364,37.72787050200455
159,127.59632953801218,37.72804694609792
160,127.59686113988964,37.72823028278343
161,127.59736513070692,37.72840152179764
162,127.59789667313945,37.728572157951696
163,127.59841654411807,37.728727475353566
164,127.59893204176508,37.7288702220316
165,127.59947837897096,37.729009949321096
166,127.60001969975312,37.72913643507886
167,127.6005867324976,37.72925705847729
168,127.60111991330567,37.72935947857991
169,127.6016604586546,37.72945242523025
170,127.60222981668976,37.72953864465976
171,127.60280074443924,37.72961546475799
172,127.60335686044648,37.729674674845455
173,127.60393291623365,37.729731766998974
174,127.60447799065172,37.72978134869341
175,127.60505313271425,37.7298317451479
176,127.60562809898516,37.729882604259
177,127.60619337095994,37.729933175953775
178,127.6067379481592,37.729982351912206
179,127.60728094578,37.730031393972006
180,127.60786365956776,37.73008401896648
181,127.6084478069312,37.73013701264156
182,127.60902533468457,37.73019190375491
183,127.60956924634829,37.73025095133525
184,127.6101503367909,37.730322895823456
185,127.61072904943552,37.73039920881422
186,127.61130657912022,37.73049190854246
187,127.61186508512839,37.73058661080299
188,127.61243169126638,37.730686963597336
189,127.6129697646111,37.730790469932096
190,127.61350605088587,37.73090250677711
191,127.6140610844704,37.73102737649291
192,127.61461611507715,37.73115998107373
193,127.6151556578124,37.73129177105452
194,127.61567093264848,37.73143687599553
195,127.61619951814735,37.731589524268266
196,127.61674613332674,37.731750587388994
197,127.61725798755532,37.731914931555785
198,127.6177797021066,37.73208644369326
199,127.61828433757564,37.73226292335471
200,127.57187401329452,37.719404838959925
201,127.57240452645816,37.71954880778686
202,127.57293163722937,37.719714090902784
203,127.5734726317799,37.7199002350559
204,127.57400130341274,37.720079027934965
205,127.57450941374859,37.72025336321925
206,127.5750100109126,37.72042516943157
207,127.57554686076448,37.72060941212814
208,127.57606146746156,37.72078592488644
209,127.5765670963283,37.72095948402959
210,127.57707894148459,37.72113504021912
211,127.57758848616062,37.721309916297
212,127.5780900611294,37.72148200218391
213,127.57859411693325,37.72165489403002
214,127.57911748394253,37.72183446115774
215,127.57963880101352,37.722013320691595
216,127.58017421504069,37.722196996158885
217,127.58071223623132,37.722381626467495
218,127.58123902463184,37.72256232143622
219,127.5817734605674,37.7227456438344
220,127.58230851630933,37.7229292481902
221,127.58282308044892,37.72310576638851
222,127.58333264622271,37.72328501820408
223,127.58385535833195,37.72346517198143
224,127.58438659099897,37.72364679337366
225,127.58491650128892,37.72383038336429
226,127.58542657734105,37.72400740389058
227,127.5859266608152,37.72417890407279
228,127.58643443849984,37.724350018586605
229,127.58694438862052,37.7245238332672
230,127.58746613150002,37.72470372876178
231,127.58797606752243,37.72487879707597
232,127.5884797495918,37.7250515353266
233,127.58899956678796,37.725230025622416
234,127.58951028432163,37.725405680422874
235,127.5900180008474,37.72558117772058
236,127.5905198143489,37.725754653594414
237,127.59102475974328,37.72592691885506
238,127.59155854493287,37.72610232627749
239,127.59208413866256,37.72628340372513
240,127.59258515371516,37.72645692236525
241,127.59312540268928,37.726640457552016
242,127.59364861460814,37.72681954010421
243,127.5941752412322,37.72700073495184
244,127.59467742579652,37.72717149833464
245,127.59520733846507,37.72735078240655
246,127.59574332887732,37.72753846400337
247,127.59628271322688,37.727719723889145
248,127.59678253921037,37.72789308040526
249,127.59731231297376,37.72807453867888
250,127.59784096376866,37.72824860941394
251,127.59838434502474,37.72841489967413
252,127.5989210963862,37.728566672853205
253,127.59944702910796,37.72870378530622
254,127.5999710736994,37.72882955398084
255,127.60052931111404,37.728951366252154
256,127.60110115745684,37.72906377392412
257,127.6016517798912,37.72916023565966
258,127.602206911204,37.72924617257792
259,127.60278093571776,37.729329381438205
260,127.60333894368269,37.72938550233325
261,127.6039119428606,37.72943989360179
262,127.60447361124974,37.72948978575376
263,127.60504245905278,37.72954385950107
264,127.60560419332246,37.72959250990656
265,127.60616847552033,37.729644386303846
266,127.60674493082541,37.729696418101526
267,127.60730014566128,37.729746590217744
268,127.60786952618407,37.72979799933207
269,127.60844559697549,37.72985006580125
270,127.60900778424394,37.729900808676554
271,127.60958130662304,37.729952564811256
272,127.61016372431553,37.7300079788735
273,127.61073679951043,37.73006864679348
274,127.6113092555936,37.73014202019847
275,127.61187307338106,37.73022605323722
276,127.61242490504569,37.73032716294322
277,127.61299019863816,37.730441484778616
278,127.61354274525038,37.73056984583236
279,127.61408202451332,37.73069998534239
280,127.6146334166104,37.73084519690982
281,127.61518562724336,37.73099905420835
282,127.61572637369935,37.73116770811215
283,127.6162580025948,37.73134519223273
284,127.61678411972515,37.73153255053302
285,127.61730756310313,37.731727621755645
286,127.61781508470428,37.73192617782815
287,127.61833586945183,37.732129922986815
288,127.6186969302479,37.73216696624922
289,127.6181934685993,37.7319654676401
290,127.61770044692076,37.73176749904229
291,127.61717765980985,37.7315623558352
292,127.61666828622816,37.73137193783296
293,127.61614914039419,37.73120060783472
294,127.61563319436193,37.73103087372269
295,127.61511724254461,37.73087282738931
296,127.61458169520876,37.73072057129319
297,127.61404746018752,37.730581663339386
298,127.6134931449524,37.7304497696383
299,127.61295737268723,37.7303354418405
300,127.61239336244836,37.73022246948033
301,127.6118466572948,37.73013109945716
302,127.61130508045066,37.730040410335135
303,127.61075396464096,37.729971304242746
304,127.61019174571209,37.72990790631212
305,127.60964240805912,37.72985293292043
306,127.60909659817175,37.72980362114506
307,127.60854263347537,37.72975361549285
308,127.60797004413236,37.7297019409296
309,127.60739685262112,37.729650160402045
310,127.60682425908912,37.72959844292109
311,127.60627303452448,37.72954862287146
312,127.60569483468664,37.72950112272788
313,127.60512618341131,37.72945062708072
314,127.60457871079448,37.72939923464035
315,127.60400407465856,37.7293467204299
316,127.60345383893316,37.7292965496716
317,127.6029089236292,37.72922499167223
318,127.6023278703772,37.7291571381833
319,127.60178985003726,37.72907609022759
320,127.60121360158708,37.7289771043578
321,127.60064982400743,37.72886830561456
322,127.60010774398144,37.72875194156621
323,127.59956193269797,37.72862288023365
324,127.5990303541122,37.728485819636745
325,127.59850577498344,37.72833914552608
326,127.5979671912368,37.72817612859552
327,127.59742990401828,37.72800104468492
328,127.59690394920068,37.727820885209695
329,127.59636660261896,37.72763877860708
330,127.59583682349815,37.72745769169868
331,127.59530748630392,37.72727969024192
332,127.59476989639326,37.727092423395966
333,127.59423772271252,37.726905082023
334,127.59370400736395,37.72672233686063
335,127.59316169047815,37.72654190165496
336,127.59265944286754,37.72636845863703
337,127.59214620382404,37.72619547010696
338,127.59164344222695,37.72602428466364
339,127.59113408460364,37.72584909126789
340,127.59061526646904,37.72566685333928
341,127.59009907756236,37.72548767697533
342,127.58957123989624,37.72530701107942
343,127.58905610189476,37.72513266023231
344,127.5885466642276,37.72495978068483
345,127.5880433220408,37.72478701016048
346,127.58750555000552,37.72460145331259
347,127.5869750822445,37.72442103968204
348,127.5864596730728,37.72424371523036
349,127.58595628284895,37.72406930119741
350,127.58541917128434,37.723884940976426
351,127.5848804958926,37.72370167162232
352,127.584348234365,37.723520876800045
353,127.58383176225556,37.723343940629576
354,127.58329532783344,37.72315341038137
355,127.58276921000385,37.72297343252367
356,127.5822441094881,37.72279330189773
357,127.58172583358626,37.7226154403748
358,127.58119832104639,37.72243453468412
359,127.58069335342059,37.72226129361377
360,127.58019198596558,37.722089275382686
361,127.57967309823157,37.72191127035314
362,127.579138157034,37.72172768225404
363,127.57862927983184,37.721553102018085
364,127.57809207090624,37.72136883274422
365,127.57757160189834,37.72119029224744
366,127.57707179227688,37.72101878813277
367,127.57653141424404,37.7208333684118
368,127.57600601421812,37.72065306363102
369,127.57547227612363,37.72046996179276
370,127.57496950014928,37.720297378806286
371,127.57445411718732,37.72012059546753
372,127.573933809447,37.71994227355847
373,127.57340994412152,37.7197695014618
374,127.57287592476446,37.71958025170974
375,127.57233396269812,37.71939760348771
376,127.5717986139308,37.719217849864926
377,127.5712606601146,37.71903089598237
378,127.5707480710954,37.71885064973752
379,127.57021740836169,37.71866652103007
380,127.56968025948957,37.71848939696137
381,127.5691569923328,37.71830758193134
382,127.56864300471968,37.71812898803878
383,127.56812502533899,37.71794900398537
384,127.56759966683036,37.71776830689145
385,127.56708725723884,37.717592439098254
386,127.5665481005909,37.71740738793432
387,127.56602999328254,37.717229554171766
388,127.56550563683663,37.71704956942699
389,127.56499760791142,37.71687518601297
390,127.56445650457856,37.716689444505306
391,127.56392446370052,37.71650680587658
392,127.56340504873224,37.716328498262754
393,127.56286807140266,37.71614416345481
394,127.56236823589252,37.71597258926382
395,127.56184963550083,37.715794516667486
396,127.56134393443455,37.71562091430621
397,127.56083988879195,37.71544791395826
398,127.56031941626108,37.71526926533536
399,127.55978204707466,37.71508470636326
400,127.55924996935401,37.71490205824913
401,127.72504887246129,37.750123180775645
402,127.72392424525246,37.75001598973307
403,127.74522953063148,37.75843275293734
404,127.74579220843924,37.758571262086186
405,127.74634355964793,37.75870976995097
406,127.74689919616848,37.758849576771325
407,127.74743404342166,37.75898701933768
408,127.74798941509682,37.759123702538034
409,127.74853589224853,37.759257119513485
410,127.74908089576476,37.75938941833438
411,127.74962435033584,37.75952515294413
412,127.71162978321314,37.75000165155781
413,127.71218863556437,37.750050091048095
414,127.71275892345528,37.75009146872228
415,127.71331236749698,37.75013223862037
416,127.7499879626503,37.759505661977926
417,127.74942563757172,37.75937272600861
418,127.7488776974562,37.759243187650846
419,127.74833637208872,37.759093933030805
420,127.74779254484478,37.75895888742178
421,127.74726816375723,37.758828317140846
422,127.74674073032,37.75869903436983
423,127.74618805016662,37.758561327370074
424,127.74564603561863,37.75842814024896
425,127.74535905187896,37.75832953316076
426,127.74590368756309,37.75843998056604
427,127.74645726283046,37.75854201914412
428,127.74701024873772,37.75864095381184
429,127.7475410329422,37.75874702332182
430,127.74808624928296,37.758858955328726
431,127.7486508132039,37.75898980138647
432,127.74921438281937,37.7591208400742
433,127.74976813613368,37.759262315766655
434,127.74994693915323,37.75919877473489
435,127.74939303481008,37.7590701438815
436,127.7488655238169,37.75893662218154
437,127.74832088207492,37.7588022720868
438,127.74775173260313,37.75868265774246
439,127.7471818096416,37.75856892897468
440,127.7466509342188,37.758471469542
441,127.74611922695556,37.758373695076
442,127.74556857503336,37.7582657149807
443,127.71315362980384,37.750019264914165
444,127.71313002151724,37.750003942171816
445,127.71460269922032,37.75001351425275
446,127.74498546927661,37.75837235720196
447,127.72526682975057,37.75334141090807
448,127.72537142451041,37.75332444882898
449,127.72591955913228,37.753197628597285
450,127.72647607074688,37.75316864193445
451,127.7270267403174,37.75326183840178
452,127.72699665709186,37.7531685410784
453,127.72642272791963,37.75309337763422
454,127.7258741395698,37.753138978387646
455,127.72537343003015,37.75323509237696
456,127.72569299372005,37.75287751644482
457,127.72546492163691,37.7525062483603
458,127.72560000701068,37.752930672845245
459,127.72522034724292,37.75321463022902
460,127.72558401458816,37.75249261068904
461,127.72609751907244,37.75272010585767
462,127.72657815702544,37.75294057461596
463,127.7274039839456,37.75305011385415
464,127.72725718054654,37.75298083442462
465,127.7267687642728,37.75274857966268
466,127.72627948367963,37.752519429665725
467,127.7257978546729,37.75227450277792
468,127.72111204280483,37.75102523568324
469,127.7214950145426,37.750885342745406
470,127.7220462266537,37.75084331502924
471,127.72258151899501,37.7507042976858
472,127.72308023880736,37.7504686176015
473,127.72356104124268,37.75022403961373
474,127.72383362956728,37.750042176683
475,127.72332698058472,37.750263602902216
476,127.72286173842728,37.75050889788422
477,127.7223430687622,37.75070570526372
478,127.72177461562916,37.750797821839775
479,127.72520576317692,37.75321715319362
480,127.72465461453558,37.7531207458701
481,127.72429461676884,37.75278250514469
482,127.72404121990598,37.752360655549886
483,127.72378922219993,37.75194489356235
484,127.72355485623856,37.75155173621837
485,127.72336698988548,37.751137270661154
486,127.7234149941608,37.75070690923831
487,127.72375454128085,37.75035687131234
488,127.72379860928756,37.75016151209867
489,127.72339705463352,37.75045958315262
490,127.72319564100212,37.75089020948778
491,127.72325784257788,37.75132720304087
492,127.72349108936052,37.75173895577977
493,127.72373253899218,37.75214568950816
494,127.72397775275556,37.752552774945855
495,127.72423118800816,37.75295151045968
496,127.72462948884043,37.75325481468193
497,127.7251778087806,37.75335165340707
498,127.72138225720836,37.751089269907496
499,127.72192549968092,37.75123383441772
500,127.72247227955044,37.75140930818885
501,127.7229828740993,37.751566801597406
502,127.72348864296268,37.75172823917385
503,127.7240057396464,37.751908876067326
504,127.72450088236164,37.752089682350665
505,127.72500615213556,37.752282886229246
506,127.72542148925125,37.7521920548995
507,127.72491678157814,37.75198479742527
508,127.7244048082651,37.751786971325735
509,127.72388984156864,37.751602937261325
510,127.72336998204646,37.75142154955379
511,127.72283448031916,37.75126144877701
512,127.72229184408496,37.75110630087935
513,127.7217670843764,37.75096811344019
514,127.72564694785224,37.752192749180125
515,127.72515872706784,37.751962189866816
516,127.72465821797044,37.75174344420292
517,127.72414770601326,37.75151389078632
518,127.72374630590542,37.75118950065541
519,127.72367921365912,37.75074011976155
520,127.72398604451521,37.750365820598574
521,127.72414604165643,37.75021892923523
522,127.72371149652705,37.750519674658285
523,127.7235798492111,37.75094474279681
524,127.72379289661376,37.751360008146186
525,127.72423407792913,37.751629678470245
526,127.7247296776358,37.75184783433192
527,127.72520758663546,37.75206068290359
528,127.72403163578895,37.75022848817116
529,127.713892654117,37.750174061793246
530,127.71446910156038,37.750214608060695
531,127.7249896166284,37.75033285435905
532,127.72549010802328,37.75056366233547
533,127.72593202359651,37.750837394157976
534,127.7264103006874,37.75107293668916
535,127.72687451661155,37.75130280078479
536,127.7273768937598,37.75149630475786
537,127.72794190712324,37.751552370458
538,127.72847105441438,37.751398665845
539,127.72887519823117,37.751099204393725
540,127.72732811141992,37.75335591274442
541,127.727823071396,37.75356698299144
542,127.7283234649946,37.75379447356405
543,127.7288277444904,37.753997413015405
544,127.72933828949076,37.75419267102464
545,127.72952412525524,37.754000488221806
546,127.72904076239296,37.753796148806295
547,127.72856231649205,37.753583065175214
548,127.72807943700163,37.75336025829807
549,127.72760090199556,37.75314140788596
550,127.72954385900752,37.75428924175544
551,127.7290079680163,37.75412620107406
552,127.72845354696987,37.75399022991648
553,127.72800385323804,37.75379582088143
554,127.72824286154476,37.753393450886186
555,127.72866913655328,37.75340015421049
556,127.72905403343448,37.75373104860468
557,127.72955073705374,37.75397953594112
558,127.729985785528,37.75413288697174
559,127.72951106063536,37.75390481438789
560,127.72905516791832,37.75365694661975
561,127.72869935122768,37.75332566147784
562,127.7282664414333,37.75327821129385
563,127.72796626172688,37.75364682382177
564,127.7280526077926,37.75400553888719
565,127.72861229865087,37.75405815257153
566,127.72914835636819,37.754216602770455
567,127.72969420952847,37.754387508876704
568,127.72839895547531,37.75079577032784
569,127.72842025940027,37.75116881411801
570,127.72789435528584,37.75135910051742
571,127.72735011066791,37.75126304707513
572,127.72687901473633,37.75099236994628
573,127.72641073574472,37.75075265677525
574,127.72594050568752,37.750521200520105
575,127.7254341267631,37.7502997435163
576,127.7145243576076,37.75021842124541
577,127.71507170018656,37.75025597681581
578,127.71562809911154,37.75029426335168
579,127.71618394324852,37.75033522893371
580,127.71675877630972,37.75037594114693
581,127.71730814118408,37.75042139911106
582,127.7178720046164,37.75047772247424
583,127.7184273100916,37.7505439296418
584,127.71897675578636,37.750618401278736
585,127.71952727105035,37.750708174475065
586,127.7200962439369,37.750811770923725
587,127.72063224344681,37.75092021880168
588,127.72129726566884,37.75079024482398
589,127.72074551954697,37.750685154008686
590,127.72018279619304,37.750569201247416
591,127.7196456996776,37.75047250474848
592,127.7190725358824,37.75038927544824
593,127.71852002133414,37.750334633548
594,127.71794532487912,37.750272684211936
595,127.71736064485277,37.750216602648464
596,127.71679195824665,37.75016866000015
597,127.7162192389958,37.750127968152775
598,127.71563488325936,37.75008387146378
599,127.71505413128044,37.75004379737561
600,127.74031030103856,37.757210004628455
601,127.74084493795576,37.757341304088655
602,127.7413986210834,37.75747910474387
603,127.74195122615876,37.75761978182079
604,127.74250782639132,37.75775930287444
605,127.7430577471046,37.75789625983292
606,127.74357758948896,37.75802572221244
607,127.74409914602316,37.75815373560584
608,127.74464140714758,37.758287125194
609,127.74497225489812,37.75813918441487
610,127.74444271281509,37.7580168756476
611,127.7439097952018,37.75788261917802
612,127.743364745801,37.75774461108107
613,127.74284154194449,37.757613640969126
614,127.74231718328961,37.75748237899799
615,127.7417587350804,37.75735010554379
616,127.74121220745596,37.75721654474088
617,127.7406810211221,37.75708406365232
618,127.73025046932455,37.754571909657095
619,127.73075725657984,37.75474579585509
620,127.73126571279948,37.75490821280219
621,127.73179551827243,37.755060863532506
622,127.73233994975175,37.75521403433167
623,127.73289314389174,37.755361385140255
624,127.73345606548432,37.755500865741936
625,127.73397613703384,37.755629781165695
626,127.73450747003093,37.75576175258328
627,127.73504886069676,37.75589860979116
628,127.7356004788607,37.75603677672949
629,127.73616200720816,37.75617460293727
630,127.73669458236358,37.75630965329663
631,127.73724799105489,37.75644705565762
632,127.73778850054416,37.75658210310837
633,127.73830969536684,37.756710340892965
634,127.7388528627772,37.75684664412992
635,127.73937450410592,37.75697543386
636,127.7399177696794,37.757112455657925
637,127.74025691976588,37.756953906082295
638,127.73972470470807,37.756769162297815
639,127.73918897514632,37.75658517015663
640,127.73865809520568,37.75640451926599
641,127.73811642587104,37.756221922950246
642,127.737578329744,37.75603931665586
643,127.73703510599512,37.75585680519163
644,127.73651913996156,37.75568309637156
645,127.73598790638385,37.75550207551126
646,127.73546044364208,37.755344290221
647,127.7349263335767,37.75521524861634
648,127.73436711661452,37.75508032776971
649,127.73379968906973,37.75497628402784
650,127.73324522883902,37.75488698904812
651,127.73270505883772,37.75479324876543
652,127.73214914052718,37.75468915847676
653,127.73161586665056,37.75458408573365
654,127.7310820538923,37.7544599381039
655,127.73056174193783,37.754308147827274
656,127.72984170371303,37.754436314196745
657,127.73028982020188,37.754230315716406
658,127.72440574004632,37.750229976200565
659,127.72415806345408,37.750188786671146
660,127.89526638185572,37.75225157130309
661,127.89580913153905,37.752104047124526
662,127.89634992742803,37.75196226218079
663,127.89687626496828,37.751832756208
664,127.89742878542032,37.75170199254265
665,127.89796415954332,37.75158318651879
666,127.89850643275985,37.75146947814601
667,127.89905768328435,37.751361133332935
668,127.8996265996999,37.751256402083
669,127.90017536382416,37.751160407436046
670,127.90075300352872,37.75106755990063
671,127.90130397507097,37.75098683960054
672,127.90185796552724,37.75091135148892
673,127.9024143177817,37.750842590112725
674,127.90299109723564,37.750778152983706
675,127.90353329147705,37.75072422324454
676,127.90410967190336,37.75067357683563
677,127.90468491812166,37.75062589056554
678,127.90525369044832,37.75057867192854
679,127.90580773703876,37.75053275901728
680,127.90635104202212,37.75048766935156
681,127.90689456530995,37.75044262309471
682,127.90745785202952,37.75039583510311
683,127.9080015860224,37.75035073476994
684,127.90856632357598,37.75030389653418
685,127.90912789657622,37.7502572637078
686,127.90969079775527,37.750210610563926
687,127.91024913742427,37.75016426062108
688,127.91079984451252,37.75011807968792
689,127.91135017613576,37.750065277645994
690,127.89475446468168,37.75207013813591
691,127.8952717363168,37.75192656179476
692,127.8958070454286,37.75178183327586
693,127.89634521685652,37.75164205919816
694,127.89687788316348,37.75151101926043
695,127.89743633768671,37.75138084821173
696,127.89799233877937,37.75125789934429
697,127.89855873522367,37.75114106056319
698,127.8990940683698,37.75103788099864
699,127.89966205049936,37.75093398394949
700,127.90022167201452,37.75083832978767
701,127.90077398241075,37.75075344634966
702,127.9013187500094,37.75067425758441
703,127.90189952211873,37.750598243109806
704,127.90244615446547,37.75053330729057
705,127.90302884690264,37.75047292766105
706,127.90358375622363,37.750420259624285
707,127.90414146128975,37.75037226862189
708,127.90470506586868,37.7503253041708
709,127.90526975922836,37.75027843859757
710,127.90583747911364,37.75023135845896
711,127.90639958498043,37.750184747336085
712,127.9069559812801,37.75013860696991
713,127.90752188721842,37.75009165389951
714,127.90806600265124,37.750046487068985
715,127.90724142848472,37.75000782991028
716,127.9066836119406,37.75005517787519
717,127.906130455406,37.75010105733463
718,127.90558566156822,37.75014625274706
719,127.90500198184328,37.750194678653536
720,127.90444454296964,37.750240921496776
721,127.9038728933709,37.75028872740313
722,127.90329778592903,37.75034026631782
723,127.902750392006,37.75039375064146
724,127.9022089212967,37.750453926000574
725,127.90166570973992,37.75052100160431
726,127.90112502318412,37.750594186985936
727,127.90055412711465,37.750678432076455
728,127.90000571549336,37.750766326907126
729,127.8994411886097,37.75086266617404
730,127.8988922880479,37.7509642379584
731,127.89833017662156,37.75107572427768
732,127.89779813888921,37.75118796206879
733,127.89726963105036,37.75130620966361
734,127.89670601578364,37.751439130500074
735,127.89615753570624,37.751576009922665
736,127.8956291362512,37.75171500439862
737,127.89509534385132,37.751863404835206
738,127.91100329091016,37.7500048639469
739,127.91041915670804,37.750044137027295
740,127.9098706070644,37.750089653703576
741,127.90931564875852,37.75013572913394
742,127.90875639637616,37.750182148169394
743,127.90818526093491,37.750229533961765
744,127.90763394242909,37.75027527618708
745,127.90707886953656,37.750321328646486
746,127.90651745198866,37.750367875453136
747,127.90597216026276,37.75041309704459
748,127.90539150715595,37.75046129763764
749,127.9048249940419,37.7505083104766
750,127.90426027990966,37.75055511554383
751,127.90371819453912,37.75060123180996
752,127.90315123018898,37.75065531485459
753,127.90259342671489,37.7507151186806
754,127.90203000563048,37.750782217936816
755,127.90149255894562,37.7508526145033
756,127.90095622654854,37.75092918975936
757,127.90040372949264,37.751014605567455
758,127.89986985311069,37.751101930723244
759,127.899298185438,37.75120448778409
760,127.89876375815244,37.751306481732776
761,127.89821839434036,37.75141717712303
762,127.8976916761898,37.75153094892831
763,127.89715856340464,37.75165221268584
764,127.89660349262876,37.75178544856863
765,127.89606584029876,37.751922893544574
766,127.89554714292144,37.75205943075363
767,127.93811140162262,37.750032549044086
768,127.9386024808572,37.75026387382801
769,127.93907569172808,37.750487368065215
770,127.93955929559831,37.75071555544493
771,127.94004691520988,37.75094449751642
772,127.9405306521892,37.751171612448154
773,127.9410377784166,37.75140969931454
774,127.94150880910173,37.75163082767284
775,127.94198192973766,37.75185303132721
776,127.94245662371723,37.75207626890019
777,127.942960135165,37.75231301681344
778,127.94346531967236,37.75255012341339
779,127.9439695473768,37.75278701494982
780,127.94447577407904,37.753025978647024
781,127.94486796746062,37.75308075515567
782,127.94437617729676,37.75284957594419
783,127.94387898889325,37.75261496263957
784,127.94338324055003,37.75238166996432
785,127.94288062817007,37.75214660789716
786,127.94239129623494,37.75191759342649
787,127.94190829891824,37.75168951495774
788,127.94142770463051,37.75146251764965
789,127.94095005721728,37.7512365055063
790,127.94045635876138,37.75100378236019
791,127.9399807488341,37.75078146445844
792,127.939500859347,37.75055694320003
793,127.9390312261778,37.75033577868156
794,127.93854478325704,37.750106704208925
795,127.7500356028335,37.75962783255027
796,127.75058563299908,37.759764733055086
797,127.75113745584714,37.75990202781932
798,127.75166365974462,37.76003298433942
799,127.75221871913872,37.76017110059134
800,127.75275278014756,37.760304057420505
801,127.75330710770264,37.760441964340735
802,127.75384622590916,37.7605761165591
803,127.75421405009457,37.76054915060985
804,127.75368648935908,37.76042590878494
805,127.75314934835691,37.76029226427557
806,127.7526095541405,37.76015790696517
807,127.75204848709608,37.76001827345564
808,127.75149068860324,37.75987946583201
809,127.75096565111416,37.75974883341443
810,127.75042537155414,37.759614387065454
811,127.75001953766083,37.7593264169773
812,127.75055692843628,37.759460200098175
813,127.75108047855952,37.75959048067817
814,127.75161676178918,37.759723931547086
815,127.75216343047836,37.75986001349032
816,127.75270505981452,37.7599947534064
817,127.75324386189789,37.76012882775533
818,127.75377867126404,37.760261897692885
819,127.75420805625336,37.76025083895277
820,127.75365467531871,37.76012064314252
821,127.75312377487748,37.75998849873188
822,127.75256457781617,37.75984935661073
823,127.7520064852966,37.759710479137134
824,127.75144837518972,37.759571548795485
825,127.7509118772194,37.75943802957018
826,127.7503862986758,37.759307214246505
827,127.78743375859212,37.75500914402164
828,127.78738381127052,37.754568675276445
829,127.78733029051087,37.754109295030176
830,127.78727757972749,37.75366533881609
831,127.78722419502638,37.753216842607685
832,127.7871706646298,37.75275158169318
833,127.7871338000541,37.7522859201174
834,127.78714922481124,37.751831092861394
835,127.78724697056045,37.751392368949055
836,127.78742637610888,37.75096887214677
837,127.78768474561282,37.75057246651127
838,127.78803771879411,37.75020208917389
839,127.7942410525171,37.75001710514922
840,127.79428008298969,37.75048077424862
841,127.79426486900208,37.750926361999056
842,127.79424707750142,37.75138144784079
843,127.7942443985226,37.7518326186161
844,127.79428315876027,37.752299635046526
845,127.7943651319126,37.75275619415732
846,127.79447965042353,37.75318763898648
847,127.7946050292676,37.75362171239744
848,127.79473594968502,37.75406523108907
849,127.79496019168595,37.75445956540942
850,127.79482515023592,37.75401758356856
851,127.79470077659896,37.75359374113649
852,127.79457200998831,37.75315056746856
853,127.79445115281897,37.75269408614098
854,127.79437265620685,37.75223271043672
855,127.79434482784504,37.751781610331165
856,127.7943523987536,37.75131940883583
857,127.79436683286704,37.750865994365554
858,127.7943780365501,37.75039856112517
859,127.78859439876076,37.750013904155296
860,127.78819960579575,37.75033807164423
861,127.78788616995612,37.7507041907123
862,127.78765437377764,37.75109696892178
863,127.78749760087676,37.751533566202816
864,127.78744103951236,37.75196470629097
865,127.78746529034127,37.7524168223502
866,127.78752625303268,37.75285501083976
867,127.78759083258934,37.75329625508629
868,127.78765602741775,37.75373723344383
869,127.78771952827113,37.754169787330646
870,127.7879177901772,37.75432029726915
871,127.7878202618501,37.75388548976267
872,127.7877494661149,37.75342319450348
873,127.78768644078492,37.75298025026281
874,127.78762168011679,37.752536632485565
875,127.78758132140528,37.7520978322204
876,127.78761672799966,37.75164195788215
877,127.78774742549999,37.75121901136344
878,127.78796701120108,37.75081331658216
879,127.788278094042,37.75043380636502
880,127.78865496525208,37.75010855219185
881,127.78808831711184,37.75000644844012
882,127.7877164446553,37.75034509879013
883,127.78741888178799,37.75072455152763
884,127.78719494346998,37.751132393189614
885,127.78705019921004,37.751583355008925
886,127.7869935280075,37.75201722601001
887,127.7870019199176,37.752450855221994
888,127.7870452443763,37.75289839903586
889,127.78710018546522,37.75335755765121
890,127.78715306647648,37.75381128656671
891,127.78720802139588,37.754267826623405
892,127.78725753808452,37.75470491089645
893,127.79365603696354,37.750001087809366
894,127.79367399976633,37.750436538703774
895,127.79370672853568,37.750893920506265
896,127.7937630061024,37.751358382357
897,127.7938410617547,37.75179698838891
898,127.79393906959837,37.75222632792924
899,127.79405196794484,37.75266271452864
900,127.7941754507114,37.75309990466493
901,127.79430056688823,37.75352593127244
902,127.79442751416747,37.753965328404746
903,127.7947701180236,37.75421063659476
904,127.79464347739813,37.75376388762217
905,127.79451204869622,37.75332050296587
906,127.7943877056494,37.752878126554
907,127.79427429770475,37.75245175844663
908,127.79416235034591,37.7520171150983
909,127.79407016478424,37.75155639901666
910,127.79400452203421,37.75112490790507
911,127.79395940129928,37.7506710581242
912,127.79393746422475,37.75021005153266
913,127.79307215225828,37.750018304732606
914,127.79335603891542,37.75041521265422
915,127.79350254126697,37.750845259032246
916,127.79360713309434,37.751298293267794
917,127.79370983541884,37.7517499595138
918,127.79382260307476,37.75219802077333
919,127.79393662649343,37.75262097643808
920,127.79405817136414,37.7530458287938
921,127.79418033431712,37.75347445827552
922,127.7943110855544,37.75392119488978
923,127.79443315244626,37.75435718857919
924,127.79443420776244,37.754013043725294
925,127.79431140260601,37.75358018077912
926,127.79418357707424,37.75313955278729
927,127.79405326320985,37.752684624654506
928,127.79393231746904,37.75223122839471
929,127.79381388873357,37.7517782376743
930,127.793704413053,37.75132574378871
931,127.79360941771571,37.750877025457626
932,127.79347253983659,37.75044027712692
933,127.79321349891414,37.75004175939812
934,127.9999909425491,37.759038152857016
935,127.9994822180725,37.75921764785007
936,127.99894573863362,37.75940697210214
937,127.99843023644524,37.75958259167367
938,127.9984829282686,37.75986373003372
939,127.9990010461893,37.75969666552547
940,127.99952104033773,37.75952284826506
941,127.93729089446936,37.7500057134314
942,127.93780060914717,37.75023202697198
943,127.93795405899138,37.75017542085308
944,127.78140339244312,37.82564762003227
945,127.78156819220249,37.826079598791566
946,127.78172567141227,37.8265018687116
947,127.78188830719775,37.82694950126493
948,127.78204497991835,37.827390814425485
949,127.7822030759928,37.82782260960731
950,127.78236728710944,37.8282651889651
951,127.78252684840828,37.828699866783815
952,127.78268508673382,37.82912273605383
953,127.78283804722236,37.82956242771554
954,127.78299178015942,37.83000161665571
955,127.7831632594278,37.830449012149664
956,127.7833257068798,37.830893470485606
957,127.78349051256443,37.83134055348405
958,127.78365394732624,37.83178706644513
959,127.78379918879172,37.832219814903056
960,127.78392432040492,37.832661578512266
961,127.78402434529052,37.83311620616323
962,127.78406260989838,37.8335485226065
963,127.78405693124517,37.833985511802005
964,127.78398432575342,37.83444426190878
965,127.78385873013006,37.834871293606405
966,127.78369096693262,37.83530540779572
967,127.78348694758422,37.835719386072775
968,127.78322182913142,37.8361082918823
969,127.78289844782536,37.83647640801184
970,127.78251710252964,37.8368237994908
971,127.7821119614868,37.83713309786726
972,127.78166022052805,37.83740959351671
973,127.78116379059556,37.837655363013816
974,127.78067712899912,37.83785409702166
975,127.78087928020668,37.83790334603882
976,127.78137947381572,37.83768934721871
977,127.78184297677208,37.83744536629148
978,127.78230268825403,37.837154138704655
979,127.7827029645086,37.83683892084471
980,127.78305212909204,37.83650640953528
981,127.78337948064917,37.83612842954269
982,127.78365448313652,37.835730523827074
983,127.78388094504696,37.83530017385807
984,127.78404606102347,37.83487035002514
985,127.7841535711004,37.834443438508565
986,127.78421590493164,37.834013042156606
987,127.7842185164187,37.83355685334627
988,127.78417675570392,37.83312554352572
989,127.78408401092348,37.83266683024381
990,127.78395265552724,37.83221075339965
991,127.78380796798287,37.831784142646974
992,127.78366141991884,37.83133660936962
993,127.78350272140447,37.83091043980091
994,127.78333614976316,37.83046113757037
995,127.78317899485153,37.83002460042357
996,127.78301490638717,37.829588071838806
997,127.78285999373536,37.829157612324906
998,127.78270790511496,37.828738629958075
999,127.78255423203204,37.82831985061475
