station_id,station_name,source,lat,lon,altitude_m,start_date,end_date,source_file,has_coord
90,속초,"asos_daily,asos_hourly",38.2509,128.5647,17.53,1968-01-01,,data\raw\_inbox\META_관측지점정보_20260520101753-종관기상관측.csv,True
93,북춘천,"asos_daily,asos_hourly",37.9474,127.7544,95.78,2016-10-01,,data\raw\_inbox\META_관측지점정보_20260520101753-종관기상관측.csv,True
95,철원,"asos_daily,asos_hourly",38.1479,127.3042,155.48,1988-01-01,,data\raw\_inbox\META_관측지점정보_20260520101753-종관기상관측.csv,True
100,대관령,"asos_daily,asos_hourly",37.6771,128.7183,772.43,2006-11-07,,data\raw\_inbox\META_관측지점정보_20260520101753-종관기상관측.csv,True
101,춘천,"asos_daily,asos_hourly",37.9026,127.7357,75.82,1966-01-01,,data\raw\_inbox\META_관측지점정보_20260520101753-종관기상관측.csv,True
104,북강릉,"asos_daily,asos_hourly",37.8046,128.8554,75.24,2008-07-28,,data\raw\_inbox\META_관측지점정보_20260520101753-종관기상관측.csv,True
105,강릉,"asos_daily,asos_hourly",37.7515,128.891,27.12,1911-10-03,,data\raw\_inbox\META_관측지점정보_20260520101753-종관기상관측.csv,True
106,동해,"asos_daily,asos_hourly",37.5071,129.1243,40.46,1992-05-01,,data\raw\_inbox\META_관측지점정보_20260520101753-종관기상관측.csv,True
114,원주,"asos_daily,asos_hourly",37.3375,127.9466,150.11,1971-09-06,,data\raw\_inbox\META_관측지점정보_20260520101753-종관기상관측.csv,True
121,영월,"asos_daily,asos_hourly",37.1813,128.4574,240.54,1994-12-01,,data\raw\_inbox\META_관측지점정보_20260520101753-종관기상관측.csv,True
211,인제,"asos_daily,asos_hourly",38.0599,128.1671,201.78,1971-12-01,2025-07-30,data\raw\_inbox\META_관측지점정보_20260520101753-종관기상관측.csv,True
212,홍천,"asos_daily,asos_hourly",37.6836,127.8804,140.2,1971-09-27,,data\raw\_inbox\META_관측지점정보_20260520101753-종관기상관측.csv,True
216,태백,"asos_daily,asos_hourly",37.1704,128.9893,714.45,1985-08-01,,data\raw\_inbox\META_관측지점정보_20260520101753-종관기상관측.csv,True
217,정선군,"asos_daily,asos_hourly",37.3773,128.6735,312.0,2023-07-01,2025-12-17,data\raw\_inbox\META_관측지점정보_20260520101753-종관기상관측.csv,True
310,궁촌,aws_hourly,37.3247,129.2647,14.07,2023-11-01,,data\raw\_inbox\META_관측지점정보_20260520101811-방재기상관측.csv,True
318,평창용산,aws_hourly,37.6533,128.6821,852.0,2023-09-09,,data\raw\_inbox\META_관측지점정보_20260520101811-방재기상관측.csv,True
320,향로봉,aws_hourly,38.331,128.3138,1263.88,2021-07-23,,data\raw\_inbox\META_관측지점정보_20260520101811-방재기상관측.csv,True
321,원통,aws_hourly,38.1147,128.1963,253.72,2021-07-20,,data\raw\_inbox\META_관측지점정보_20260520101811-방재기상관측.csv,True
322,상서,aws_hourly,38.2316,127.6857,437.0,2021-08-14,2025-12-12,data\raw\_inbox\META_관측지점정보_20260520101811-방재기상관측.csv,True
323,마현,aws_hourly,38.2727,127.5255,276.0,2021-08-31,,data\raw\_inbox\META_관측지점정보_20260520101811-방재기상관측.csv,True
332,등봉,aws_hourly,37.4434,129.1221,49.13,2024-12-18,,data\raw\_inbox\META_관측지점정보_20260520101811-방재기상관측.csv,True
333,동해심곡,aws_hourly,37.4914,129.0923,74.42,2024-12-18,2025-11-27,data\raw\_inbox\META_관측지점정보_20260520101811-방재기상관측.csv,True
334,중앙,aws_hourly,38.207,128.5919,24.38,2024-12-18,,data\raw\_inbox\META_관측지점정보_20260520101811-방재기상관측.csv,True
335,강림,aws_hourly,37.3602,128.1255,406.11,2024-12-18,,data\raw\_inbox\META_관측지점정보_20260520101811-방재기상관측.csv,True
336,매일,aws_hourly,37.5609,128.1102,210.87,2024-12-18,,data\raw\_inbox\META_관측지점정보_20260520101811-방재기상관측.csv,True
337,우항,aws_hourly,37.4597,128.0632,202.45,2024-12-18,,data\raw\_inbox\META_관측지점정보_20260520101811-방재기상관측.csv,True
338,둔내,aws_hourly,37.5057,128.2107,486.29,2024-12-18,,data\raw\_inbox\META_관측지점정보_20260520101811-방재기상관측.csv,True
339,서원,aws_hourly,37.4892,127.8819,251.49,2024-12-18,,data\raw\_inbox\META_관측지점정보_20260520101811-방재기상관측.csv,True
340,공근,aws_hourly,37.5282,127.9805,137.6,2024-12-18,,data\raw\_inbox\META_관측지점정보_20260520101811-방재기상관측.csv,True
345,학성,aws_hourly,37.3746,127.9458,109.15,2024-12-18,,data\raw\_inbox\META_관측지점정보_20260520101811-방재기상관측.csv,True
346,강릉구정,aws_hourly,37.712,128.8972,52.88,2024-12-18,,data\raw\_inbox\META_관측지점정보_20260520101811-방재기상관측.csv,True
347,귀래,aws_hourly,37.2276,127.8569,152.0,2023-11-01,,data\raw\_inbox\META_관측지점정보_20260520101811-방재기상관측.csv,True
348,하조대,aws_hourly,38.0257,128.7168,6.1,2023-11-01,2025-09-16,data\raw\_inbox\META_관측지점정보_20260520101811-방재기상관측.csv,True
349,시동,aws_hourly,37.6,127.8431,275.0,2024-09-11,,data\raw\_inbox\META_관측지점정보_20260520101811-방재기상관측.csv,True
350,조침령,aws_hourly,37.9953,128.4956,607.0,2021-04-17,,data\raw\_inbox\META_관측지점정보_20260520101811-방재기상관측.csv,True
497,삽당령,aws_hourly,37.5752,128.8515,660.4,2021-10-15,,data\raw\_inbox\META_관측지점정보_20260520101811-방재기상관측.csv,True
498,구룡령,aws_hourly,37.8793,128.5145,1018.68,2023-11-15,,data\raw\_inbox\META_관측지점정보_20260520101811-방재기상관측.csv,True
517,간성,aws_hourly,38.3851,128.4752,6.0,2022-10-13,,data\raw\_inbox\META_관측지점정보_20260520101811-방재기상관측.csv,True
518,해안,aws_hourly,38.2696,128.1211,468.47,2023-10-27,,data\raw\_inbox\META_관측지점정보_20260520101811-방재기상관측.csv,True
519,사내,aws_hourly,38.0755,127.5194,298.11,2024-10-09,,data\raw\_inbox\META_관측지점정보_20260520101811-방재기상관측.csv,True
520,설악동,aws_hourly,38.1671,128.5182,135.58,2023-10-17,,data\raw\_inbox\META_관측지점정보_20260520101811-방재기상관측.csv,True
522,화촌,aws_hourly,37.7871,127.9838,197.86,2021-10-15,,data\raw\_inbox\META_관측지점정보_20260520101811-방재기상관측.csv,True
523,주문진,aws_hourly,37.8985,128.8214,8.94,2024-08-21,,data\raw\_inbox\META_관측지점정보_20260520101811-방재기상관측.csv,True
524,경포,aws_hourly,37.7863,128.8938,4.0,2024-08-20,,data\raw\_inbox\META_관측지점정보_20260520101811-방재기상관측.csv,True
525,봉평,aws_hourly,37.6123,128.3773,552.11,2023-11-01,2025-04-16,data\raw\_inbox\META_관측지점정보_20260520101811-방재기상관측.csv,True
526,평창,aws_hourly,37.3775,128.3947,303.18,2024-08-30,,data\raw\_inbox\META_관측지점정보_20260520101811-방재기상관측.csv,True
527,신동,aws_hourly,37.2111,128.6413,392.43,2024-08-27,,data\raw\_inbox\META_관측지점정보_20260520101811-방재기상관측.csv,True
529,원덕,aws_hourly,37.1416,129.2859,36.07,2024-09-20,,data\raw\_inbox\META_관측지점정보_20260520101811-방재기상관측.csv,True
535,서석,aws_hourly,37.717,128.1827,313.5,2023-10-23,,data\raw\_inbox\META_관측지점정보_20260520101811-방재기상관측.csv,True
536,횡성,aws_hourly,37.4876,127.9724,114.35,2022-09-28,,data\raw\_inbox\META_관측지점정보_20260520101811-방재기상관측.csv,True
537,임계,aws_hourly,37.4832,128.8459,488.08,2023-10-13,,data\raw\_inbox\META_관측지점정보_20260520101811-방재기상관측.csv,True
552,김화,aws_hourly,38.2315,127.3894,229.5,2024-10-08,,data\raw\_inbox\META_관측지점정보_20260520101811-방재기상관측.csv,True
553,죽정,aws_hourly,38.457,128.4179,8.47,2024-09-06,,data\raw\_inbox\META_관측지점정보_20260520101811-방재기상관측.csv,True
554,미시령,aws_hourly,38.2144,128.4371,771.81,2020-10-17,,data\raw\_inbox\META_관측지점정보_20260520101811-방재기상관측.csv,True
555,화천,aws_hourly,38.0837,127.6906,109.21,2023-10-28,,data\raw\_inbox\META_관측지점정보_20260520101811-방재기상관측.csv,True
556,양구,aws_hourly,38.098,127.9853,187.57,2024-10-15,,data\raw\_inbox\META_관측지점정보_20260520101811-방재기상관측.csv,True
557,기린,aws_hourly,37.9537,128.3139,292.0,2022-09-24,,data\raw\_inbox\META_관측지점정보_20260520101811-방재기상관측.csv,True
558,팔봉,aws_hourly,37.6861,127.7007,94.64,2024-09-10,,data\raw\_inbox\META_관측지점정보_20260520101811-방재기상관측.csv,True
559,내면,aws_hourly,37.7781,128.3973,574.76,2024-09-08,,data\raw\_inbox\META_관측지점정보_20260520101811-방재기상관측.csv,True
560,진부,aws_hourly,37.6479,128.5645,540.54,2024-08-24,,data\raw\_inbox\META_관측지점정보_20260520101811-방재기상관측.csv,True
561,청일,aws_hourly,37.5822,128.1528,221.38,2024-09-04,,data\raw\_inbox\META_관측지점정보_20260520101811-방재기상관측.csv,True
563,북평,aws_hourly,37.4636,128.6828,362.87,2015-12-24,,data\raw\_inbox\META_관측지점정보_20260520101811-방재기상관측.csv,True
566,연곡,aws_hourly,37.8516,128.8192,6.53,2023-10-13,,data\raw\_inbox\META_관측지점정보_20260520101811-방재기상관측.csv,True
579,하장,aws_hourly,37.3668,128.9133,607.24,2020-10-21,2025-09-23,data\raw\_inbox\META_관측지점정보_20260520101811-방재기상관측.csv,True
580,옥계,aws_hourly,37.6135,129.0289,58.41,2023-11-01,2025-09-18,data\raw\_inbox\META_관측지점정보_20260520101811-방재기상관측.csv,True
581,상동,aws_hourly,37.1166,128.7744,422.1,2021-10-15,,data\raw\_inbox\META_관측지점정보_20260520101811-방재기상관측.csv,True
582,신림,aws_hourly,37.2315,128.0799,328.01,2020-01-03,,data\raw\_inbox\META_관측지점정보_20260520101811-방재기상관측.csv,True
583,안흥,aws_hourly,37.4646,128.1551,534.72,2015-07-13,,data\raw\_inbox\META_관측지점정보_20260520101811-방재기상관측.csv,True
585,신남,aws_hourly,37.96,128.0742,235.78,2023-11-01,,data\raw\_inbox\META_관측지점정보_20260520101811-방재기상관측.csv,True
586,북산,aws_hourly,38.0321,127.8769,225.91,2024-10-16,,data\raw\_inbox\META_관측지점정보_20260520101811-방재기상관측.csv,True
587,방산,aws_hourly,38.2264,127.9533,276.94,2024-10-15,,data\raw\_inbox\META_관측지점정보_20260520101811-방재기상관측.csv,True
588,남산,aws_hourly,37.7907,127.6429,83.37,2021-10-15,2025-10-17,data\raw\_inbox\META_관측지점정보_20260520101811-방재기상관측.csv,True
591,치악산,aws_hourly,37.4155,128.0505,267.66,2020-01-03,,data\raw\_inbox\META_관측지점정보_20260520101811-방재기상관측.csv,True
592,부론,aws_hourly,37.2316,127.7487,52.7,2020-01-03,,data\raw\_inbox\META_관측지점정보_20260520101811-방재기상관측.csv,True
593,양양영덕,aws_hourly,38.0073,128.5407,128.31,2021-10-15,,data\raw\_inbox\META_관측지점정보_20260520101811-방재기상관측.csv,True
594,서화,aws_hourly,38.2533,128.21,316.0,2024-10-15,,data\raw\_inbox\META_관측지점정보_20260520101811-방재기상관측.csv,True
595,진부령,aws_hourly,38.2641,128.3742,586.53,2019-04-26,,data\raw\_inbox\META_관측지점정보_20260520101811-방재기상관측.csv,True
596,오색,aws_hourly,38.077,128.4933,240.99,2020-01-03,,data\raw\_inbox\META_관측지점정보_20260520101811-방재기상관측.csv,True
597,대화,aws_hourly,37.5455,128.4411,561.85,2015-07-13,,data\raw\_inbox\META_관측지점정보_20260520101811-방재기상관측.csv,True
650,양지,aws_hourly,38.2509,127.2714,187.0,2022-12-07,,data\raw\_inbox\META_관측지점정보_20260520101811-방재기상관측.csv,True
651,외촌,aws_hourly,38.2772,127.2057,216.03,2023-11-01,,data\raw\_inbox\META_관측지점정보_20260520101811-방재기상관측.csv,True
660,면온,aws_hourly,37.562,128.3776,533.47,2021-07-21,,data\raw\_inbox\META_관측지점정보_20260520101811-방재기상관측.csv,True
661,현내,aws_hourly,38.5425,128.4019,5.0,2021-12-18,,data\raw\_inbox\META_관측지점정보_20260520101811-방재기상관측.csv,True
670,양양,aws_hourly,38.0887,128.6295,7.0,2024-08-23,,data\raw\_inbox\META_관측지점정보_20260520101811-방재기상관측.csv,True
671,속초조양,aws_hourly,38.1922,128.5761,4.0,2024-09-07,2025-09-16,data\raw\_inbox\META_관측지점정보_20260520101811-방재기상관측.csv,True
674,사북,aws_hourly,37.2196,128.8214,822.28,2017-01-13,,data\raw\_inbox\META_관측지점정보_20260520101811-방재기상관측.csv,True
675,남이섬,aws_hourly,37.7898,127.5277,52.21,2024-09-11,,data\raw\_inbox\META_관측지점정보_20260520101811-방재기상관측.csv,True
677,달방댐,aws_hourly,37.5173,129.0213,120.04,2021-10-15,,data\raw\_inbox\META_관측지점정보_20260520101811-방재기상관측.csv,True
678,강릉성산,aws_hourly,37.7248,128.7786,455.97,2020-10-23,,data\raw\_inbox\META_관측지점정보_20260520101811-방재기상관측.csv,True
679,강릉왕산,aws_hourly,37.6105,128.773,686.6,2020-10-23,,data\raw\_inbox\META_관측지점정보_20260520101811-방재기상관측.csv,True
680,평화,aws_hourly,38.2128,127.8447,230.65,2020-09-26,,data\raw\_inbox\META_관측지점정보_20260520101811-방재기상관측.csv,True
681,간동,aws_hourly,38.0512,127.7906,200.5,2024-10-15,,data\raw\_inbox\META_관측지점정보_20260520101811-방재기상관측.csv,True
682,임남,aws_hourly,38.2832,127.8625,1062.0,2024-10-15,,data\raw\_inbox\META_관측지점정보_20260520101811-방재기상관측.csv,True
695,광덕산,aws_hourly,38.1162,127.432,1050.39,2024-10-15,,data\raw\_inbox\META_관측지점정보_20260520101811-방재기상관측.csv,True
696,신기,aws_hourly,37.3466,129.0861,82.78,2021-07-16,,data\raw\_inbox\META_관측지점정보_20260520101811-방재기상관측.csv,True
874,동송,aws_hourly,38.1416,127.2197,163.22,2021-08-31,,data\raw\_inbox\META_관측지점정보_20260520101811-방재기상관측.csv,True
875,설악산,aws_hourly,38.1211,128.4606,1595.71,2020-10-08,,data\raw\_inbox\META_관측지점정보_20260520101811-방재기상관측.csv,True
876,삼척,aws_hourly,37.45,129.1621,57.07,2023-10-20,,data\raw\_inbox\META_관측지점정보_20260520101811-방재기상관측.csv,True
877,문막,aws_hourly,37.3134,127.8049,59.23,2021-09-15,,data\raw\_inbox\META_관측지점정보_20260520101811-방재기상관측.csv,True
878,도계,aws_hourly,37.2238,129.0961,817.04,2023-11-01,2025-09-24,data\raw\_inbox\META_관측지점정보_20260520101811-방재기상관측.csv,True
970,철원장흥,aws_hourly,38.2016,127.2502,179.45,2024-10-15,,data\raw\_inbox\META_관측지점정보_20260520101811-방재기상관측.csv,True
978,춘천신북,aws_hourly,37.9546,127.7763,140.37,2018-02-01,2025-10-01,data\raw\_inbox\META_관측지점정보_20260520101811-방재기상관측.csv,True
