grid_id,pole_count,pole_density,center_lon,center_lat,sw_lon,sw_lat,ne_lon,ne_lat
1020_1986,1289,1289.0,127.7331067871844,37.87809381206767,127.72740744311493,37.87359842220299,127.73880682402913,37.88258892027826
1020_1985,1276,1276.0,127.73307838888739,37.86908079257157,127.72737974361611,37.86458539219527,127.73877772662509,37.87357591138346
1021_1986,1170,1170.0,127.7444777569821,37.87807074849777,127.73877772662509,37.87357591138346,127.75017848011127,37.88256530378136
1116_1987,1121,1121.0,128.82473244446982,37.87988361208209,128.81896793203757,37.87544209938693,128.83049764902097,37.88432482619863
1116_1988,1054,1054.0,128.82489389889068,37.88889427419618,128.81912865834926,37.88445278929131,128.8306598318595,37.893335460428666
1019_1985,1025,1025.0,127.72170879166778,37.869102750817305,127.71601083268997,37.864606798043795,127.72740744311493,37.87359842220299
1115_1984,932,932.0,128.81288432846134,37.852978809841915,128.80712265383983,37.848536645201975,128.8186466942943,37.85742067635819
1019_1984,924,924.0,127.72168179065837,37.86008971038765,127.71598452986127,37.8555937472818,127.72737974361611,37.86458539219527
1122_1973,920,920.0,128.8905721912804,37.75294897142825,128.88481393162,37.74851047341124,128.89633113865256,37.757387171136514
1033_1965,906,906.0,127.87995799091718,37.68843461228847,127.87426444182682,37.683946152831275,127.88565222627679,37.69292278968823
1021_1984,892,892.0,127.7444182031889,37.86004471052881,127.73871957072797,37.855549852036795,127.75011752780449,37.86453928736955
1123_1974,891,891.0,128.90209077388076,37.76182507240256,128.89633113865256,37.757387171136514,128.9078510971092,37.766262675092904
1019_1986,887,887.0,127.72173580472017,37.87811577739738,127.71603714725009,37.87361983495755,127.72743515496843,37.88261143835971
1034_1966,871,871.0,127.89134714805621,37.69741068489796,127.88565222627679,37.69292278968823,127.8970427564059,37.70189829778503
1020_1984,867,867.0,127.7330500032509,37.86006775922418,127.7273520564661,37.855572348337674,127.73874864219341,37.86456288863594
1124_1975,854,854.0,128.91361210848206,37.77069997907408,128.9078510971092,37.766262675092904,128.91937380814363,37.77513698421252
1022_1986,849,849.0,127.7558487134954,37.878046586691504,127.75014799716284,37.87355230250273,127.76155012259689,37.882540588872985
1022_1983,839,839.0,127.75575524887189,37.85100753233098,127.75005662983226,37.846513215543936,127.76145455975441,37.85550156737999
1123_1973,792,792.0,128.90192069312604,37.752814505134864,128.89616178348848,37.74837657488813,128.90768029045756,37.7572521368996
1017_1992,790,790.0,127.69913948679348,37.93223436059852,127.69343800963215,37.92773737342913,127.70484165859472,37.9367310661059
1043_1943,774,774.0,127.9920677014538,37.48972432574515,127.9863827184634,37.48524106699773,127.99775336396524,37.49420730266191
1118_1981,767,767.0,128.8464850919749,37.8255617560547,128.8407236332183,37.82112121336005,128.8522472409684,37.83000200038519
1147_1939,767,767.0,129.16740920817173,37.44293065539714,129.16165950680377,37.43850527132231,129.17315958644323,37.447355740045886
1022_1987,767,767.0,127.75587989616557,37.88705957710106,127.75017848011127,37.88256530378136,127.76158200529777,37.89155356832368
1039_1927,753,753.0,127.94596543525815,37.3456878260257,127.94029414241592,37.341202151980454,127.95163740282078,37.35017322036786
1094_2023,752,752.0,128.57936607849055,38.20683720824939,128.5735898956269,38.20238407248328,128.5851429650199,38.21129004591524
1038_1927,751,751.0,127.93467547182642,37.34572984772259,127.92900484199284,37.34124362825841,127.9403467763859,37.35021578765734
1118_1983,741,741.0,128.84681273456638,37.84358307254914,128.84104982200495,37.839142586099484,128.85257633798,37.84802326044725
1040_1927,736,736.0,127.95725537495507,37.345644726943114,127.95158341941006,37.3411595984879,127.96292800521485,37.350129575521564
1040_1973,736,736.0,127.95979558225184,37.76025635239039,127.95409171088995,37.75577186786081,127.96550014229663,37.76474055291404
1122_1974,730,730.0,128.89074089632305,37.76195958211024,128.8849819113605,37.75752111289248,128.89650056930373,37.76639775292556
1019_1987,723,723.0,127.72176282982123,37.88712879012678,127.7160634735472,37.882632858022006,127.72746287918253,37.8916244406644
1040_1925,716,716.0,127.95714610735821,37.327617469571464,127.9514755246661,37.3231323132278,127.96281736416461,37.332102346216885
1119_1982,707,707.0,128.858010080344,37.83444194621787,128.8522472409684,37.83000200038519,128.86377361024668,37.838881593419
1035_1966,706,706.0,127.90269029016565,37.697372493819515,127.89699469252635,37.69288515024131,127.90838657437016,37.70185955489969
1039_1928,700,700.0,127.9460187558187,37.354701447931255,127.9403467763859,37.35021578765734,127.95169141027235,37.35918682841284
1094_2022,697,697.0,128.5792330305964,38.197826222370644,128.57345758077787,38.193373062641136,128.58500918376674,38.20227908409356
1121_1975,690,690.0,128.8795583474476,37.77110363844867,128.87379928773734,37.76666463006808,128.88531809550022,37.77554234850651
1123_1972,689,689.0,128.90175068814682,37.74380392340337,128.89599250377574,37.739365964181886,128.90750955990563,37.748241584236546
1141_1950,689,689.0,129.10172279374305,37.54297962042602,129.09596895767172,37.538551198217185,129.10747731016193,37.54740774320502
1115_1987,686,686.0,128.8133641100895,37.880011005847926,128.80760025396566,37.87556892399993,128.81912865834926,37.88445278929131
1021_1983,684,684.0,127.74438844620313,37.85103167076582,127.73869051222259,37.84653680158713,127.75008707202977,37.85552625838292
1021_1987,683,683.0,127.74450755380211,37.887083746701535,127.73880682402913,37.88258892027826,127.75020897665625,37.89157829120436
1098_2009,682,682.0,128.62310972389508,38.08025513045136,128.61734109732615,38.075803939170264,128.6288790496913,38.08470602423922
1036_1966,681,681.0,127.91403341054831,37.69733321164467,127.90833713736019,37.692846419871,127.91973037029645,37.70181972074491
1032_1964,678,678.0,127.86857157885528,37.67945741144924,127.86287940185206,37.67496838827494,127.87426444182682,37.683946152831275
1117_1985,676,676.0,128.83577524669275,37.86173383630683,128.830011534102,37.85729283700351,128.8415396507688,37.86617453704501
1040_1924,666,666.0,127.95709151003472,37.31860382013459,127.95142161331039,37.31411864985009,127.96276208057328,37.32308871081007
1023_1982,659,659.0,127.76708952718343,37.84196925903961,127.76139092217547,37.83747548377813,127.77278882372252,37.84646275247639
1038_1964,657,657.0,127.93661389121719,37.67922514188575,127.93091766359721,37.67473942688676,127.9423108047747,37.683710574040624
1116_1989,657,657.0,128.8250554253092,37.89790492189609,128.81928945633302,37.89346346478716,128.83082208702132,37.90234608023885
1024_1992,655,655.0,127.77879453762019,37.9320726029976,127.77308824358447,37.92757949256041,127.7845015262741,37.93656543053482
1095_2023,653,653.0,128.5907860404387,38.20673164767501,128.58500918376674,38.20227908409356,128.59656360076207,38.21118391298005
1028_1923,649,649.0,127.82162094425908,37.310035658802164,127.81595969161451,37.3055439472579,127.8272828704761,37.314527092910325
1023_1957,647,647.0,127.76628145757682,37.61663881732142,127.76060022112844,37.61214476653324,127.77196337789344,37.62113258852179
1021_1992,637,637.0,127.74465673738926,37.93214852986998,127.73895250585119,37.927653756923505,127.75036166355576,37.93664302044689
1042_1942,637,637.0,127.98069841484585,37.48075752655165,127.97501479045286,37.47627370453881,127.9863827184634,37.48524106699773
1034_1965,634,634.0,127.89129978130187,37.68839752429766,127.88560555634174,37.683909616121205,127.89699469252635,37.69288515024131
1031_1967,632,632.0,127.85736086497259,37.70653189313539,127.85166727641123,37.70204235650611,127.86305514042462,37.71102114787863
1099_2012,630,630.0,128.6349278059807,38.107178574425724,128.62915631926552,38.102728027905634,128.64069999284456,38.11162882299641
1038_1929,624,624.0,127.93477943659899,37.36375710495081,127.92910743386832,37.35927091267902,127.9404521146566,37.36824301751475
1151_1934,623,623.0,129.21158296720267,37.39723541082556,129.20583434672528,37.392812121443235,129.21733226299565,37.40165840056724
1019_1992,621,621.0,127.72189813625761,37.932193645975715,127.71619528128267,37.92769776556659,127.72760168586697,37.93668924436899
1124_1967,621,621.0,128.9122419834943,37.69861550163474,128.90648677267356,37.69417796447575,128.9179978801561,37.70305274070049
1118_1982,620,620.0,128.84664887675893,37.834572421514736,128.84088669126237,37.830131906939734,128.8524117528,37.839012637631924
1041_1924,617,617.0,127.96837737982698,37.31855968662064,127.96270682158912,37.31407506156854,127.97404861187331,37.3230440318902
1113_1992,616,616.0,128.79141443285027,37.92531627878598,128.7856482508939,37.92087319541156,128.79718130852012,37.929759063635544
1039_1925,615,615.0,127.94585886533042,37.32766054071752,127.94018894475182,37.323174839136236,127.95152946002891,37.33214596277415
1141_1951,614,614.0,129.1019156449207,37.551989682859016,129.09616108556207,37.5475612927484,129.10767088492966,37.556417773445936
1040_1948,612,612.0,127.95840857926615,37.53492758612398,127.9527221346415,37.53044275104185,127.96409570494477,37.539412139449894
1152_1932,607,607.0,129.22246347594208,37.379051853432614,129.21671566738044,37.374629061552504,129.22821195919752,37.383474345689095
1120_1982,606,606.0,128.86937121029044,37.83431037536318,128.86360771736088,37.82987099843858,128.87513539372958,37.83874945348256
1030_1954,604,604.0,127.84547310002384,37.58939314712702,127.83978921172573,37.584902900167705,127.85115767124961,37.59388311354033
1025_1972,603,603.0,127.78946838558849,37.75178454824987,127.78377538938328,37.747291764409326,127.7951620702416,37.756277050810226
1043_1925,601,601.0,127.99100768516394,37.32748179608101,127.98533511796612,37.32299827647559,127.99668092645831,37.33196503546759
1121_1973,599,599.0,128.87922361427178,37.75308234540578,128.87346600491256,37.748643279783586,128.8849819113605,37.75752111289248
1024_1983,599,599.0,127.7784888119451,37.8509559639554,127.77278882372252,37.84646275247639,127.78418949200368,37.85544889334356
1040_1926,598,598.0,127.95720072899456,37.33663110517471,127.95152946002891,37.33214596277415,127.96287267237462,37.341115967787786
1031_1965,594,594.0,127.85727434927989,37.68850551599473,127.85158215286077,37.6840159544957,127.86296723197769,37.69299479578715
1031_1964,593,593.0,127.85723112034287,37.679492306643894,127.85153961952935,37.675002732712834,127.86292330712934,37.68398159895807
1140_1954,593,593.0,129.0911736792755,37.57917296320795,129.08541758683725,37.57474410215682,129.0969304532935,37.58360152462553
1122_1972,592,592.0,128.89040356140066,37.74393834629284,128.8846460267184,37.739499819482454,128.89616178348848,37.74837657488813
1035_1929,590,590.0,127.90090130949152,37.36387678321987,127.89523129939266,37.35938895466196,127.90657199493293,37.36836433259141
1113_1984,590,590.0,128.7901557465624,37.85323006191573,128.7843953837849,37.84878676055903,128.79591680058485,37.85767306549666
1119_1983,588,588.0,128.85817531953074,37.843452555157555,128.8524117528,37.839012637631924,128.86393957709626,37.847892173957895
1055_1976,588,588.0,128.13031156291947,37.786507059808315,128.12459546524465,37.782030952301064,128.13602835009385,37.790982880406595
1033_1964,587,587.0,127.87991201749556,37.67942142584454,127.87421916461294,37.674932953600226,127.88560555634174,37.683909616121205
1042_1943,585,585.0,127.98075616907589,37.48977089770367,127.97507185259654,37.48528709002618,127.98644116508237,37.49425442372474
1095_2021,585,585.0,128.59051719064394,38.18870972952609,128.5847418003333,38.18425711765742,128.59629328397838,38.19316204330574
1024_1993,580,580.0,127.77882858294927,37.94108549357288,127.77312158670297,37.93659239437044,127.78453627412365,37.94557830978534
1117_1984,577,577.0,128.8356126253799,37.852723172366574,128.82984964021352,37.84828214510818,128.8413763017236,37.85716390115354
1023_1981,577,577.0,127.7670570312012,37.83295620749951,127.76135912466056,37.82846242119852,127.77275562896463,37.83744971206549
1025_1984,577,577.0,127.78989086405066,37.85994154050777,127.78418949200368,37.85544889334356,127.7955929282385,37.86443390531492
1113_1991,576,576.0,128.7912568514352,37.91630555202897,128.78549139801478,37.911862441387484,128.79702299826002,37.92074836423933
1024_1982,573,573.0,127.77845491810328,37.841942934763495,127.77275562896463,37.83744971206549,127.78415489876949,37.84643587546045
1088_1927,572,572.0,128.499132795399,37.34230914582353,128.49342939248612,37.337850405141985,128.50483687259114,37.34676759832344
1117_1983,571,571.0,128.83545007654396,37.84371249400785,128.82968781847686,37.83927143880007,128.8412130254805,37.848153250837896
1124_1968,571,571.0,128.912412982139,37.70762611195909,128.90665704738245,37.70318860392645,128.91816960304206,37.712063321804884
1112_1994,570,570.0,128.78035155436442,37.94346207095703,128.77458457368868,37.93901847220696,128.78611922938887,37.947905371169135
1017_1989,568,568.0,127.69906659680065,37.905195449288605,127.69336721795527,37.90069843216619,127.70476666935713,37.90969218501804
