지점,지점명,일시,평균기온(°C),최저기온(°C),최저기온 시각(hhmi),최고기온(°C),최고기온 시각(hhmi),강수 계속시간(hr),10분 최다 강수량(mm),10분 최다강수량 시각(hhmi),1시간 최다강수량(mm),1시간 최다 강수량 시각(hhmi),일강수량(mm),최대 순간 풍속(m/s),최대 순간 풍속 풍향(16방위),최대 순간풍속 시각(hhmi),최대 풍속(m/s),최대 풍속 풍향(16방위),최대 풍속 시각(hhmi),평균 풍속(m/s),풍정합(100m),최다풍향(16방위),평균 이슬점온도(°C),최소 상대습도(%),최소 상대습도 시각(hhmi),평균 상대습도(%),평균 증기압(hPa),평균 현지기압(hPa),최고 해면기압(hPa),최고 해면기압 시각(hhmi),최저 해면기압(hPa),최저 해면기압 시각(hhmi),평균 해면기압(hPa),가조시간(hr),합계 일조시간(hr),1시간 최다일사 시각(hhmi),1시간 최다일사량(MJ/m2),합계 일사량(MJ/m2),일 최심신적설(cm),일 최심신적설 시각(hhmi),일 최심적설(cm),일 최심적설 시각(hhmi),합계 3시간 신적설(cm),평균 전운량(1/10),평균 중하층운량(1/10),평균 지면온도(°C),최저 초상온도(°C),평균 5cm 지중온도(°C),평균 10cm 지중온도(°C),평균 20cm 지중온도(°C),평균 30cm 지중온도(°C),0.5m 지중온도(°C),1.0m 지중온도(°C),1.5m 지중온도(°C),3.0m 지중온도(°C),5.0m 지중온도(°C),합계 대형증발량(mm),합계 소형증발량(mm),9-9강수(mm),기사,안개 계속시간(hr)
90,속초,2025-03-01,7.3,3.1,2333,13,1344,,,,,,,6.2,20,1552,3.5,20,1554,1.4,1202,250,-.6,37,924,57.9,5.9,1014.9,1019.2,844,1014.5,1455,1017.1,11.4,4.7,1200,2.38,12,,,,,,5.3,1.3,5.5,-2.6,,,,,,,,,,1.9,2.7,,,
90,속초,2025-03-02,4.7,-.1,2252,9.5,900,,,,,,16,9.2,50,1530,5.6,20,1535,2.8,2393,50,-.4,35,238,73.4,6,1020.2,1027.1,1903,1014.6,223,1022.4,11.4,1.2,900,.72,2.35,,,,,,8.6,6.3,3.1,-1.8,,,,,,,,,,.6,.9,,,
90,속초,2025-03-03,1.4,.1,5,2.8,1427,,,,,,10.5,11.7,70,354,7.6,50,357,4.4,3786,50,-4.3,49,1547,66.6,4.5,1027.3,1031.6,1224,1025.5,40,1029.5,11.4,1.6,1400,1.65,8.97,,,,,,9.9,8.8,.3,.3,,,,,,,,,,1.6,2.3,,,
90,속초,2025-03-04,2.4,1.1,1503,3.5,1118,,,,,,6.1,11.9,70,1908,6.5,50,1914,4.5,3917,50,-2.3,54,839,72.4,5.2,1024.6,1030.9,125,1023.7,1905,1026.8,11.5,0,1400,.41,2.61,,,,,,10,9.8,.2,.2,,,,,,,,,,.6,.9,,,
90,속초,2025-03-05,1.4,-1.2,2358,3.9,1237,,,,,,5.8,9.4,50,47,6.2,20,103,2.1,1849,320,-.3,75,1243,88.6,6,1022.5,1025.8,1126,1023.3,1606,1024.7,11.5,0,1300,1.34,7.65,,,,,,7.8,6.3,.2,.1,,,,,,,,,,.8,1.2,,,
90,속초,2025-03-06,1.9,-1.5,655,5.8,1116,,,,,,,5,20,1323,3.4,20,1234,1.9,1609,270,-1.9,57,1108,76.3,5.3,1024.5,1028.1,2351,1025,4,1026.7,11.6,8,1200,2.82,17.64,,,,,,4.1,2,3.1,-2.7,,,,,,,,,,1.9,2.7,,,
90,속초,2025-03-07,2.9,-1.3,309,6.7,1357,,,,,,,5.1,20,1143,3.7,20,1218,1.7,1453,270,-1.1,59,940,75.1,5.7,1026.3,1030.5,834,1026.9,2348,1028.5,11.6,5.2,1100,2.57,13.06,,,,,,6.4,4,2.5,-3.2,,,,,,,,,,1.3,1.9,,,
90,속초,2025-03-08,4,1.1,419,8.1,1402,,,,,,,4.8,50,1214,3.3,360,1156,1.5,1279,250,.6,66,1449,79.6,6.4,1022.8,1026.9,1,1023.3,1532,1025,11.6,6.7,1400,2.34,15.12,,,,,,4.8,1.4,5.6,-2,,,,,,,,,,1.9,2.7,,,
90,속초,2025-03-09,6.2,2,17,11,1137,,,,,,,5.6,290,253,3.7,270,310,2.1,1784,270,-2.1,35,1211,56.5,5.3,1026.9,1031.1,1106,1026,1,1029.1,11.7,10.5,1200,2.85,19.5,,,,,,0,0,5,-2.1,,,,,,,,,,2.6,3.7,,,
90,속초,2025-03-10,7.5,.6,235,12.1,1532,,,,,,,7.8,180,1738,5.3,140,1544,2,1762,90,.8,21,2340,65.1,6.7,1022.1,1028.4,1,1020.5,2354,1024.3,11.7,10.5,1200,2.83,19.04,,,,,,0,0,5.6,-2.9,,,,,,,,,,2.8,3.9,,,
90,속초,2025-03-11,8.7,3.9,703,15,1123,,,,,,,8.2,160,1656,5.4,160,1658,1.8,1529,160,-.8,19,1045,52.4,6,1016.1,1020.8,105,1015,2358,1018.2,11.8,10.4,1200,2.85,19.46,,,,,,2.1,1.5,7.8,-2.1,,,,,,,,,,3.5,5,,,
90,속초,2025-03-12,12.9,6.4,1,18.4,1520,,,,,,,17.3,290,1829,8.7,270,1835,3.8,3260,290,-1.6,22,540,37.3,5.5,1010.9,1016.6,2343,1009.5,1506,1013,11.8,7.7,1000,2.71,17.82,,,,,,4,3.1,10,2.9,,,,,,,,,,5.1,7.3,,,
90,속초,2025-03-13,9.8,5.6,2205,13.5,1009,,,,,,,12.1,320,450,6.8,270,316,2.3,1993,20,-8.6,15,841,27.6,3.3,1018.7,1023.9,2400,1016.7,1,1020.8,11.9,10.2,1100,2.66,19.2,,,,,,4.9,.4,8.8,1.1,,,,,,,,,,3.5,4.9,,,
90,속초,2025-03-14,8,3.6,452,11.7,1137,,,,,,,8.7,140,1643,6.1,140,1648,2.4,2115,140,-.3,36,236,56.5,6.1,1026.1,1030.4,1014,1023.9,1,1028.3,11.9,9.8,1200,2.84,19.44,,,,,,2.9,1,8.4,-1.1,,,,,,,,,,2.6,3.8,,,
90,속초,2025-03-15,7.4,4.5,18,10.7,1233,,,,,,1.2,11.8,160,1130,7.7,140,1255,3,2614,140,1.8,56,1242,68.1,7,1023,1028.8,920,1020,2352,1025.2,11.9,1.1,1200,2.8,6.61,,,,,,9.5,8,6.6,2.6,,,,,,,,,,1.4,2,,,
90,속초,2025-03-16,2.5,0,2130,7.1,1,,,,,,13.7,14.8,340,2045,5.6,290,2103,2.6,2258,340,1.3,70,1,91.8,6.8,1010.2,1020,1,1008.6,1600,1012.4,12,0,1300,.84,4.9,,,,,,10,7.9,4.5,.2,,,,,,,,,,.6,.8,,,
90,속초,2025-03-17,2.1,-.2,17,6,1635,,,,,,14.4,12.7,360,213,6.5,360,221,2.1,1805,270,-3.9,34,1643,67,4.7,1013.5,1017.3,917,1011.9,1,1015.7,12,5.6,1000,2.56,13.92,,,,,,8.3,7.4,.5,.8,,,,,,,,,,1.6,2.3,,,
90,속초,2025-03-18,.9,-1.5,2330,3.1,1305,,,,,,8.5,14,20,1526,8.5,20,1609,2.9,2489,270,-2.5,56,301,78.4,5.1,1014.3,1022.2,2330,1013.1,818,1016.5,12.1,.6,1000,1.18,4,,,,,,7.5,5.9,.6,.7,,,,,,,,,,.8,1.1,,,
90,속초,2025-03-19,2.9,-2.5,216,7.8,1530,,,,,,,8.6,290,2209,4.8,250,2218,2.4,2043,270,-5.1,28,1521,57,4.2,1019.5,1023.8,930,1019.7,2400,1021.7,12.1,10.9,1200,3.08,21.54,,,,,,1.9,1.4,.7,-1.5,,,,,,,,,,2.9,4.2,,,
90,속초,2025-03-20,10.4,1.8,325,15.4,1430,,,,,,,19.3,320,2059,8.4,270,2242,3.2,2787,250,-4.1,25,1251,37.1,4.5,1011.2,1019.8,16,1008.7,1748,1013.3,12.1,11,1200,3.02,21.77,,,,,,1.1,.5,5.9,-2.6,,,,,,,,,,5.4,7.8,,,
90,속초,2025-03-21,16.4,9.9,314,21.2,1402,,,,,,,20.4,290,1807,9.1,270,1526,4.3,3716,250,-2.2,20,925,28.4,5.3,1004.3,1009.9,15,1001.8,1803,1006.4,12.2,11.1,1200,2.85,20.94,,,,,,2.1,.9,11.2,5.5,,,,,,,,,,7,10,,,
90,속초,2025-03-22,19.4,13.7,322,24.8,1438,,,,,,,19.9,290,1543,9.4,270,1454,4.9,4230,250,-1.7,19,1419,24.4,5.4,1002.5,1006,1013,1001.5,1558,1004.6,12.2,11,1200,2.96,21.43,,,,,,.1,0,13.9,8.2,,,,,,,,,,7.4,10.6,,,
90,속초,2025-03-23,8.8,6.5,533,18.8,132,,,,,,,13.1,290,3,6.8,270,7,2,1738,360,5.8,21,2,82.1,9.2,1008.7,1014.2,945,1005.5,14,1010.8,12.3,9.9,1200,2.92,20.53,,,,,,2.9,2.6,12.7,3.1,,,,,,,,,,2.2,3.1,,,
90,속초,2025-03-24,15.1,6.3,547,24.9,1611,,,,,,0,18.7,290,1309,9.1,270,1401,3.2,2733,270,2.6,17,1619,53,7.5,998.5,1008.1,1,996.4,1526,1000.6,12.3,4.8,1400,2.31,13.9,,,,,,6.6,4.8,12.3,5.6,,,,,,,,,,5.2,7.4,,,
90,속초,2025-03-25,9.1,6.4,2200,17.9,29,,,,,,,14.3,290,2241,8.3,270,2246,2.8,2434,360,4.5,28,28,73.8,8.4,997.3,1003.2,544,990.6,1611,999.4,12.3,6.6,1200,2.5,15.15,,,,,,3.1,.9,10.9,5.2,,,,,,,,,,2,2.9,,,
90,속초,2025-03-26,8.2,5.1,640,12.4,1104,,,,,,.2,8.5,50,1953,4.5,140,1059,2.2,1887,360,5.5,51,121,83.8,9.1,1004.3,1010,933,1001.7,33,1006.4,12.4,3.5,1000,2.33,10.28,,,,,,5.5,5.1,9.5,2.2,,,,,,,,,,1.2,1.8,,,
90,속초,2025-03-27,7.7,5.6,549,15.2,1432,,,,,,4.6,8.6,360,813,4.2,360,814,1.9,1639,340,5.2,55,1440,85.1,8.9,1000.4,1008.4,2330,999.5,538,1002.5,12.4,3.1,1400,2.11,10.1,,,,,,7.6,4.3,10.5,4.3,,,,,,,,,,1.2,1.8,,,
90,속초,2025-03-28,4.4,1.3,1009,7.5,1,,,,,,17.2,8.1,70,420,5.1,50,444,2.7,2320,90,1.1,41,2352,81,6.8,1011.9,1018.5,2248,1008.1,14,1014.1,12.5,3.9,1300,3.06,10.61,,,,,,6.6,5.5,7.7,-.9,,,,,,,,,,1.7,2.5,,,
90,속초,2025-03-29,4,.2,500,9.3,1141,,,,,,.2,14.5,290,2123,8.5,270,2136,4.3,3697,270,-12.1,13,1837,33.1,2.7,1017.2,1024.4,2341,1016.5,1634,1019.4,12.5,10.2,1100,2.98,19.26,,,,,,1.5,.5,4.3,-3.5,,,,,,,,,,4,5.8,,,
90,속초,2025-03-30,4,-.9,321,7.7,1259,,,,,,,16.9,270,1321,7.1,250,1326,3.3,2867,270,-12.5,16,852,30,2.5,1024,1028.6,919,1023.9,1816,1026.2,12.6,9.9,1000,2.72,19.84,,,,,,2.1,1.1,2.8,-4.6,,,,,,,,,,3.3,4.7,,,
90,속초,2025-03-31,7.2,.8,612,11.2,2339,,,,,,,11.9,160,1503,8.4,140,1510,3.4,2904,140,-4.7,18,2339,43.5,4.5,1021.8,1026.6,114,1020.8,1713,1024,12.6,11.7,1200,3.2,23.41,,,,,,2.1,.1,6.5,-3.2,,,,,,,,,,3.7,5.3,,,
93,북춘천,2025-03-01,2.5,-4.3,454,12,1621,,,,,,,2.8,320,1534,1.8,160,1703,.6,484,230,-2,39,1634,74.5,5.3,1008,1023.9,248,1016.1,1511,1020,11.4,3.8,1100,1.8,8.6,,,,,,5,1.8,1,-6.6,0,-.1,.1,.2,.6,3,5.8,11.5,14.4,1,1.4,,{박무}0430-{박무}{강도0}0600-{박무}{강도1}0900-1130. {박무}2030-{박무}{강도0}2100-{박무}{강도0}2400-,
93,북춘천,2025-03-02,3.5,-1.4,50,11.8,1219,9.25,,,,,4.6,16.5,70,1402,5.1,70,1241,1.7,1471,50,-1.1,38,1210,74.1,5.7,1008,1022.8,2354,1017.7,1340,1020,11.4,0,1200,.86,4.13,2.1,2350,2.1,2350,2.1,9.8,8.3,1.1,-4.4,.4,0,.2,.3,.8,3,5.8,11.3,14.3,1,1.5,9.8,-{박무}-{박무}{강도0}0300-{박무}{강도0}0600-0845. {비}1445-{비}{강도0}1500-{비}{강도0}1800-{눈}2050-{눈}{강도0}2100-{눈}{강도0}2400- {박무}1750-{박무}{강도0}1800-{박무}{강도0}2100-{박무}{강도1}2400-,
93,북춘천,2025-03-03,1,-.5,221,2.7,945,7.33,,,,,5.2,14.4,70,1432,6.1,50,1259,3.1,2692,50,-6.7,46,1455,57,3.7,1014.1,1028.4,1802,1021.6,237,1026.3,11.4,3.4,1000,1.68,10.18,7.1,350,9.2,350,7.1,7.9,5.6,-.3,-3.3,-.5,-.1,.2,.4,.8,3,5.8,11.3,14.3,1.7,2.4,,-{눈}-{눈}{강도0}0300-{눈}{강도0}0600-0720. -{박무}-{박무}{강도1}0300-{박무}{강도0}0600-0630.,
93,북춘천,2025-03-04,1.2,-.4,1141,2.6,1750,6.58,,,,,4.1,11.8,50,402,4.7,50,832,2,1689,50,-4.3,48,1,68.1,4.5,1012.5,1028.5,54,1021.4,1839,1024.6,11.5,.6,1400,.81,4.51,5.2,1550,8.8,1550,5.2,9.5,6.1,-.3,-2.5,-.5,-.1,.2,.5,.8,3,5.8,11.3,14.3,.8,1.2,4.1,{눈}1005-{눈}{강도0}1200-{눈}{강도0}1500-{진눈깨비}1540-1640. {박무}1050-{박무}{강도1}1200-{박무}{강도1}1500-1640.,
93,북춘천,2025-03-05,3.3,-.1,2354,7.8,1541,,,,,,,6,340,858,4,340,629,1.6,1421,340,-2.9,41,1617,64.8,4.9,1011.7,1025.2,939,1021.3,1544,1023.7,11.5,6.4,1200,2.27,13.12,,,7.4,1,,7.8,5.5,-.3,-2.8,.1,.1,.3,.5,1,3,5.8,11.3,14.1,1.5,2.1,,,
93,북춘천,2025-03-06,2.6,-4.3,639,9.7,1453,,,,,,,6,270,1324,3.6,230,1521,1,832,340,-4.6,26,1608,64.4,4.4,1014.3,1029,2345,1024.2,1614,1026.4,11.6,10.4,1200,3.08,19.03,,,,,,2.9,2.9,3.9,-6.4,1.7,.5,.4,.7,1.1,3.2,5.8,11.1,14.1,2.3,3.3,,,
93,북춘천,2025-03-07,2.5,-4.8,700,9.5,1548,,,,,,,5.5,200,1331,2.9,200,1338,.8,692,180,-5.1,24,1537,61.8,4.2,1016.2,1031.5,804,1026.1,1558,1028.3,11.6,9.8,1200,2.53,17.12,,,,,,4.8,.9,3.5,-7,2.3,1.9,1.6,1.8,2.2,3.2,5.6,11.1,14.1,2,2.9,,,
93,북춘천,2025-03-08,3.6,-1.4,2355,10.8,1513,,,,,,,7.8,200,1414,4.7,200,1457,1.5,1288,200,-6.7,17,1717,53.9,3.8,1014.5,1029.4,2344,1023.9,1537,1026.5,11.6,9.7,1300,2.69,16.89,,,,,,3.8,1,4.7,-4.6,3.6,3.7,3.5,3.3,3.2,3.5,5.8,11.1,14.1,2.8,3.9,,,
93,북춘천,2025-03-09,3.5,-4.6,608,13,1625,,,,,,,4.9,180,1523,3,200,1357,.9,741,200,-4,27,1634,63.1,4.6,1018.5,1033.6,909,1027.8,1826,1030.6,11.7,10.8,1200,2.84,19.75,,,,,,.1,0,4.7,-6.2,4.1,4.2,4,3.9,3.7,3.9,5.8,11,14,2.5,3.6,,,
93,북춘천,2025-03-10,4.5,-4,628,14.6,1539,,,,,,,8.4,200,1642,5.4,200,1607,1.3,1131,180,-3.9,23,1551,60.6,4.6,1014.9,1031,744,1022.9,1700,1026.9,11.7,10.6,1200,2.82,19.12,,,,,,0,0,4.8,-6,4.6,4.9,4.7,4.5,4.3,4.3,5.9,11,13.8,3,4.3,,,
93,북춘천,2025-03-11,5.7,-3.5,634,16.3,1618,,,,,,,6.9,200,1616,2.1,160,1229,.7,628,160,-3.4,19,1608,58.5,4.8,1009.6,1025.5,634,1016.9,1712,1021.4,11.8,10.5,1200,2.88,19.58,,,,,,2.9,0,6,-5.5,5.4,5.6,5.3,5.1,4.8,4.6,6,10.8,13.8,2.9,4.1,,{박무}0330-{박무}{강도0}0600-{박무}{강도0}0900-0930.,
93,북춘천,2025-03-12,6.3,.2,535,14.6,1311,,,,,,,9.4,230,1245,6.2,200,1403,1.9,1654,200,1,38,1205,72.3,6.6,1005.1,1020.2,2356,1013.5,1518,1016.9,11.8,5.2,1100,2.53,12.74,,,,,,6.3,3.6,6.3,-2,6,6.4,6.3,6,5.5,5,6.1,10.8,13.8,2.1,3,,{박무}2150-{박무}{강도0}2400-,
93,북춘천,2025-03-13,6.4,-1.7,640,16.3,1426,,,,,,,6.9,320,1432,3.7,200,1337,.9,784,340,-6,10,1427,53.4,4.2,1011.1,1026.4,2358,1020.2,1,1023,11.8,10.5,1300,2.94,19.04,,,,,,5.3,0,7.3,-4.7,6.5,6.8,6.5,6.3,5.9,5.5,6.4,10.8,13.8,3.3,4.8,,-{박무}-{박무}{강도0}0300-{박무}{강도0}0600-0645.,
93,북춘천,2025-03-14,8.4,-2.4,703,17.7,1602,,,,,,,6,110,1217,3.9,110,1243,1,835,90,-6.3,13,1353,42.4,3.9,1014.8,1029.7,832,1024.1,1602,1026.6,11.9,10.5,1200,2.88,19.62,,,,,,2.6,0,8.4,-5.4,7.1,7.2,7,6.8,6.3,5.8,6.5,10.8,13.6,4,5.7,,,
93,북춘천,2025-03-15,9.6,5.8,350,15.1,1416,,,,,,,10.5,70,941,5.3,70,944,2,1715,50,-4.3,22,1351,38.8,4.5,1011.2,1026.6,850,1019.5,1836,1022.9,11.9,5.9,1200,2.85,14.8,,,,,,7.9,4.6,10.2,3.7,8.7,8.5,8,7.5,7,6.1,6.6,10.6,13.6,3.1,4.4,2.7,,
93,북춘천,2025-03-16,3.4,.2,2018,7.4,13,12.25,,,,,6.4,9.8,320,2357,4.7,320,1721,1.5,1291,320,-.8,45,1700,75,5.9,1001.9,1019.8,1,1010.6,1649,1013.8,12,2.3,1600,.89,4.84,.7,1955,.7,1955,.7,9.4,8.1,6,-.9,5.8,7.1,7.7,7.7,7.5,6.5,6.9,10.6,13.6,.9,1.3,3.7,{비}0315-{비}{강도0}0600-{비}{강도0}0900-{비}{강도0}1200-1230. {박무}0530-{박무}{강도0}0600-{박무}{강도0}0900-1030. {비}1355-1400. {눈}1855-{눈}{강도0}2100-2150. {박무}1910-{박무}{강도0}2100-2338. {연무}2334-{연무}{강도0}2400-,
93,북춘천,2025-03-17,2.3,-2.2,445,7.1,1519,,,,,,,9.4,230,1527,5,230,1649,2.1,1839,250,-8.7,17,1523,48.3,3.3,1004.9,1018.7,836,1014.6,1,1016.8,12,8.5,1100,2.36,17.98,,,.5,1,,8,4.5,6.5,-5.1,4.9,5.9,6.5,6.7,6.8,6.9,7,10.6,13.6,2.4,3.5,2.4,-{연무}-0045. {햇무리}1250-1640.,
93,북춘천,2025-03-18,.8,-1.3,409,5,1457,14.42,,,,,4,8.9,340,1535,4.7,340,1620,1.2,1051,360,-2.6,48,109,79,5.1,1004.6,1023,2313,1013.1,628,1016.6,12.1,3.1,1400,2.11,8.95,4.8,750,4.8,750,5.3,8.4,7,4.9,-2.9,4,5.2,6,6.4,6.5,6.9,7.3,10.6,13.5,1,1.4,1.6,{눈}0155-{눈}{강도0}0300-{눈}{강도0}0600-{눈}{강도0}0900-0945. {눈}1010-{눈}{강도0}1200-1435. {눈}1615-{눈}{강도0}1800-1825.,
93,북춘천,2025-03-19,.8,-5,649,7.1,1502,,,,,,,8.8,200,1357,5.4,230,1542,1.8,1564,20,-8.1,20,1514,59.3,3.5,1011.9,1025.9,909,1021.9,1659,1024.1,12.1,10.2,1200,3.11,21.69,,,,,,.4,.4,4,-7.1,3.8,4.9,5.5,5.7,6,6.9,7.4,10.6,13.3,2.9,4.1,,,
93,북춘천,2025-03-20,5.1,-4.1,303,14.4,1705,,,,,,,9.1,230,1700,5.4,230,1756,1.7,1427,230,-2.8,29,1726,59.9,5.1,1007.2,1024.9,7,1013.6,1701,1019,12.1,6.3,1300,2.83,14.8,,,,,,3.9,3.9,5.5,-6.1,5.2,5.5,5.7,5.8,5.9,6.8,7.5,10.6,13.3,2.5,3.6,,{연무}2345-{연무}{강도0}2400-,
93,북춘천,2025-03-21,11.9,4.8,35,20.4,1600,,,,,,,9.6,230,1551,6.3,250,1554,2.4,2114,200,.3,21,1718,49.6,6.4,1000.2,1015.4,150,1007.2,1632,1011.7,12.2,9.7,1200,2.86,19.98,,,,,,2.9,2.8,11,1,9.2,8.4,7.6,7.2,6.5,6.9,7.6,10.6,13.3,4.3,6.1,,{박무}0024-{박무}{강도0}0300-{박무}{강도0}0600-0840. -{연무}-0029.,
93,북춘천,2025-03-22,12.4,1.7,648,22.7,1509,,,,,,,11,230,1622,7.4,200,1652,2.2,1928,200,-.5,19,1623,46.3,6,998.3,1011.9,153,1006,1519,1009.8,12.2,11.2,1200,2.91,20.6,,,,,,0,0,11.7,-1.5,10.1,9.6,9,8.4,7.6,7,7.6,10.6,13.3,4.7,6.7,,,
93,북춘천,2025-03-23,12.5,1.3,646,24.3,1537,,,,,,,7.3,230,1525,4.8,200,1648,1.2,1023,200,-.3,16,1543,48.3,6.1,998.9,1014.4,828,1007.1,1622,1010.3,12.3,10.6,1200,2.97,20.5,,,,,,2.6,0,12.7,-1.8,10.9,10.4,9.7,9.2,8.3,7.5,7.8,10.6,13.3,4.3,6.2,,,
93,북춘천,2025-03-24,14.8,7.2,554,23.2,1454,,,,,,,10.8,250,1454,6.2,200,1511,2.2,1919,230,3.4,24,1418,50.4,7.8,991.9,1008,1,999.1,1538,1003.1,12.3,8.5,1300,2.68,17.85,,,,,,4.4,1.4,14.2,5.3,12.5,11.8,11,10.3,9.3,7.9,7.9,10.6,13.1,4.4,6.3,,,
93,북춘천,2025-03-25,12.8,7.8,2355,21.5,1510,,,,,,,16,250,1600,9.9,250,1550,2.5,2166,230,3.9,28,1455,58.9,8.2,989.3,1005.1,2356,992,1521,1000.6,12.3,6,1100,1.98,12.54,,,,,,5,2.9,12.8,3.9,12,11.9,11.4,11,10.1,8.3,8.1,10.6,13.1,3.1,4.4,,{박무}0240-{박무}{강도0}0300-{박무}{강도0}0600-{박무}{강도0}0900-0920. {연무}0915-{연무}{강도0}1200-1350. {황사}1645-{황사}{강도0}1800-{황사}{강도0}2100-2330.,
93,북춘천,2025-03-26,11.8,1.3,641,22.5,1624,,,,,,,4.9,230,1148,3,230,1156,.9,745,20,.2,17,1546,52,6.3,993.7,1010.8,848,1000.3,2203,1005.1,12.4,10.8,1300,2.84,19.74,,,,,,5.6,.5,13.2,-1.8,11.7,11.5,11.1,10.8,10.1,8.8,8.3,10.5,13.1,3.5,5,0,{햇무리}1250-1350. {햇무리}1450-1545.,
93,북춘천,2025-03-27,13.4,9,113,19.5,1528,3.25,,,,,.3,10.6,320,2147,5.9,340,2156,1.4,1173,320,4,24,1957,55.6,8.4,990.3,1007.4,2311,999,546,1001.6,12.4,3.5,1400,1.77,8.18,,,,,,8.9,6.3,13.9,6.4,12.7,12.2,11.7,11.4,10.8,9.1,8.6,10.6,13.1,1.9,2.7,.3,{비}0755-{비}{강도0}0900-0945. {비}2105-2230.,
93,북춘천,2025-03-28,6.7,1.5,2339,12,1529,2.67,,,,,1.1,13.4,270,1703,7,270,1626,2.4,2100,270,-6.2,4,1649,46.6,4.5,1002.3,1020.4,2356,1007.1,1,1014,12.5,6.3,1300,2.9,14.46,,,,,,5.9,4.8,9.4,-3,10.1,10.9,11.2,11.1,10.8,9.5,8.6,10.5,13,3.3,4.8,1.1,{비}0850-{비}{강도0}0900-1130. {박무}1030-{박무}{강도0}1200-1230.,
93,북춘천,2025-03-29,1.1,-5.2,627,6.7,1101,2.08,,,,,.5,15,270,1639,8.5,270,1639,2.6,2269,270,-12.2,9,1655,41.1,2.7,1010.4,1027.1,2358,1019.1,1559,1022.4,12.5,9,1400,2.47,16.29,,,,,,2.5,1.8,5.4,-8,4.9,7,8.5,9.3,9.8,9.6,9,10.5,13,2.8,4,.5,{눈}1145-{눈}{강도0}1200-1350.,
93,북춘천,2025-03-30,.4,-6.6,614,5.4,1135,3.33,,,,,0,10.1,270,1238,5.7,200,1749,2,1756,20,-8.1,21,959,54.6,3.5,1016.3,1030.7,916,1026.3,1748,1028.5,12.5,8.4,1100,2.57,17.56,,,,,,2.4,2.4,4.1,-9.4,4.1,5.8,7,7.6,8.3,9.6,9.1,10.5,12.8,1.9,2.7,0,{눈}1310-1355. {눈}1515-1750.,
93,북춘천,2025-03-31,4.4,-5.5,530,14.3,1445,,,,,,,8.8,230,1503,5.2,250,1511,1.5,1268,230,-6.6,20,1446,50.5,3.8,1014.2,1029.2,442,1021.9,1626,1026.2,12.6,11.4,1200,3.17,23.37,,,,,,3,.4,8.1,-7.9,6.4,7,7.3,7.5,7.6,9.1,9.3,10.6,12.8,3.6,5.2,,,
95,철원,2025-03-01,3.7,-4.8,437,13.5,1552,,,,,,,4.5,230,1433,2.3,290,1458,.6,504,200,-.8,39,1553,76.8,5.8,1000.5,1023.8,211,1015.8,1610,1019.8,11.4,5.2,1100,1.88,9.68,,,,,,5,.3,1.4,-7.4,,,,,,,,,,1.2,1.8,,,
95,철원,2025-03-02,2.4,-2.9,711,10.2,1148,,,,,,14,11.7,360,1424,7.1,20,1424,2.8,2385,20,-.5,40,1116,83.9,5.9,1000.2,1021.4,2021,1017.1,1338,1019.6,11.4,1.3,900,.89,4.65,,,,,,7.5,6.3,.9,-6.5,,,,,,,,,,1,1.5,18.3,,
95,철원,2025-03-03,.8,-1.6,2241,3.6,1307,,,,,,4.3,13.4,90,1121,5.6,90,1407,3.7,3234,20,-5.7,48,1547,62.5,4,1006.1,1027.8,1808,1020.6,36,1025.7,11.4,7.4,1300,2.46,15.65,,,,,,8.6,5.1,.3,-2.3,,,,,,,,,,2,2.8,,,
95,철원,2025-03-04,.3,-1.5,1,1.7,935,,,,,,2.5,9.4,50,909,5.1,20,1702,3.5,3043,20,-4.3,54,849,72.3,4.5,1005.2,1028.3,55,1022,1837,1024.8,11.5,1.3,1600,1.06,5.11,,,,,,9.8,8.3,.2,-2.3,,,,,,,,,,.9,1.2,2.5,,
95,철원,2025-03-05,2.5,-1.6,2351,6.9,1638,,,,,,,8.4,360,41,4.3,20,56,2.1,1779,20,-2.8,48,1452,68.9,5,1004.8,1026,2353,1022,1630,1024.2,11.5,5.4,1400,2.42,13.8,,,,,,7.9,6.5,.2,-4.1,,,,,,,,,,1.4,2,,,
95,철원,2025-03-06,1.4,-5,644,9,1529,,,,,,,6.2,360,1423,3.3,360,1417,.7,619,320,-4.3,31,1239,71,4.5,1007.4,1029.7,2343,1024.7,1546,1027,11.6,9.4,1200,2.88,18.78,,,,,,1.5,0,.2,-6.3,,,,,,,,,,2.1,3,,,
95,철원,2025-03-07,2,-5.1,606,9.1,1603,,,,,,,5,320,1423,2.5,230,1352,.6,558,70,-4.6,28,1417,66.4,4.4,1008.9,1031.4,757,1026.2,1545,1028.5,11.6,9.2,1200,2.55,16.15,,,,,,5.4,1.9,1.5,-8.2,,,,,,,,,,1.8,2.6,,,
95,철원,2025-03-08,3.5,-1.3,726,9.7,1400,,,,,,,6.6,230,1346,3.2,230,1328,1.2,1055,230,-4.9,18,1410,62.3,4.5,1007.5,1029.8,2349,1024.8,1444,1026.9,11.6,7.7,1300,2.78,17.35,,,,,,4.4,.9,2.7,-6.6,,,,,,,,,,2.6,3.6,,,
95,철원,2025-03-09,3.5,-4,718,12.4,1452,,,,,,,4.6,340,1508,1.9,50,1336,.6,524,50,-2,32,1647,72.6,5.3,1011.4,1033.5,937,1028.4,1717,1031,11.7,10.2,1200,2.81,19.02,,,,,,0,0,3.3,-8.3,,,,,,,,,,2.3,3.3,,,
95,철원,2025-03-10,4.5,-3.8,640,16.6,1523,,,,,,,7.1,270,1618,3.2,230,1417,.9,768,250,-2.5,27,1428,67,5.1,1007.8,1031.2,115,1023.5,1739,1027.1,11.7,10.2,1200,2.76,18.53,,,,,,0,0,3.6,-8.8,,,,,,,,,,2.6,3.7,,,
95,철원,2025-03-11,6,-3.5,610,15.2,1602,,,,,,,5.5,230,1532,2.3,200,1528,.8,673,160,-.3,29,1632,69.4,6,1002.6,1025.5,131,1017.6,1639,1021.8,11.8,10.3,1200,2.78,19.15,,,,,,2.8,1.3,5.3,-8.3,,,,,,,,,,2.6,3.8,,,
95,철원,2025-03-12,6.4,.3,336,11.4,1428,,,,,,,8.3,230,1723,3.9,200,1702,1.6,1381,230,2.7,47,1118,79.8,7.5,998.2,1020.8,2359,1014.2,1428,1017.3,11.8,.8,1000,1.48,6.09,,,,,,6.4,5.6,4.8,-4.4,,,,,,,,,,1,1.4,,,
95,철원,2025-03-13,5.3,-2,442,14.9,1615,,,,,,,6.1,160,1629,2.5,180,1632,.8,729,20,-5.1,16,1625,59.1,4.4,1004.6,1027.4,2354,1020.7,1703,1023.8,11.9,8.6,1100,2.65,16.82,,,,,,5.3,1.5,5.1,-7.7,,,,,,,,,,2.5,3.6,,,
95,철원,2025-03-14,7.9,-3.3,655,16.9,1413,,,,,,,7.8,360,1039,4.9,360,2237,1.6,1405,340,-5.2,15,1405,44.9,4.2,1007.8,1030.1,812,1024.6,1536,1026.9,11.9,9.8,1200,2.77,18.87,,,,,,3.1,1,6,-7.6,,,,,,,,,,4.3,6.1,,,
95,철원,2025-03-15,8.5,3.7,2355,15.8,1405,,,,,,,8.9,50,1717,5.2,20,1849,3,2635,20,-3.7,20,1328,46.4,4.8,1003.8,1026.2,840,1019.8,2400,1022.8,11.9,8.7,1300,2.91,18.29,,,,,,7.4,4.6,8.5,2.5,,,,,,,,,,3.4,4.8,6.6,,
95,철원,2025-03-16,1.8,-1.9,2345,4.6,1502,,,,,,8.2,11.8,340,1733,4.9,340,1733,1.3,1112,110,-.3,45,1559,87.6,6,995.6,1019.9,1,1011.6,1520,1014.9,12,1.8,1300,1.3,5.19,,,,,,9.1,9,5.4,-2.7,,,,,,,,,,.7,1.1,1.6,,
95,철원,2025-03-17,1,-4,500,5.9,1512,,,,,,,7.9,200,1259,3.9,230,1243,1.4,1186,230,-7.3,23,1316,59.5,3.6,998,1019.8,934,1015.5,2400,1017.4,12,9.2,1200,2.87,18.25,,,,,,7.3,4.5,4.8,-7.5,,,,,,,,,,2.2,3.1,1.8,,
95,철원,2025-03-18,.4,-2.4,2312,4.7,1612,,,,,,2.7,11.1,20,1306,6,20,1252,2.2,1901,20,-3.2,50,1706,78.5,4.9,997.7,1023.6,2347,1013.1,503,1017.1,12.1,5.1,1300,1.9,10.14,,,,,,7.6,7.6,3.5,-8.3,,,,,,,,,,1.1,1.6,.9,,
95,철원,2025-03-19,.2,-6.7,640,6.8,1557,,,,,,,7.7,270,1238,4,230,1830,1.3,1142,230,-7.7,19,1412,62.9,3.5,1005,1026.3,911,1022.4,1614,1024.6,12.1,10.6,1200,3.04,22.8,,,,,,0,0,4,-10.7,,,,,,,,,,2.7,3.8,,,
95,철원,2025-03-20,6.1,-2.4,3,14.2,1604,,,,,,,11.5,250,1719,4.6,230,1725,1.8,1577,230,0,36,1628,66.9,6.2,999.6,1025.1,1,1013.9,1629,1018.7,12.1,6.6,1200,2.92,16.12,,,,,,4.8,4.8,6.4,-8.4,,,,,,,,,,2.5,3.6,,,
95,철원,2025-03-21,11.1,4.7,715,18.5,1545,,,,,,,9.2,230,1649,4.6,230,1449,2.2,1876,230,2,29,1520,57.3,7.1,993.3,1015.4,129,1007.9,1654,1011.9,12.2,10,1200,2.83,20.03,,,,,,.8,.8,10.6,3,,,,,,,,,,3.5,5,,,
95,철원,2025-03-22,10.9,.6,617,21.4,1510,,,,,,,10.9,230,1537,4.7,200,1656,1.8,1522,230,.4,24,1520,54.5,6.3,991.3,1012.2,119,1006.4,1508,1009.9,12.2,10.7,1200,2.9,20.5,,,,,,0,0,10.5,-3.6,,,,,,,,,,4,5.8,,,
95,철원,2025-03-23,12.2,.4,651,23.3,1526,,,,,,,8.1,250,1258,3.8,230,1329,1.1,925,230,1.1,20,1441,53.4,6.6,991.8,1014.2,835,1007.2,1613,1010.3,12.3,10,1200,2.95,20.37,,,,,,3,1.1,11.1,-3.7,,,,,,,,,,4,5.7,0,,
95,철원,2025-03-24,13.6,6.2,602,21.7,1456,,,,,,0,9.7,250,1405,4.6,230,1406,1.8,1517,230,4.7,28,1351,58.8,8.6,985,1008.1,15,999.4,1616,1003.3,12.3,8.2,1200,2.77,18.12,,,,,,3.3,1,13,3,,,,,,,,,,3.7,5.2,,,
95,철원,2025-03-25,11.4,4.8,400,19.6,1449,,,,,,,13.8,230,1527,5.9,200,1410,2.2,1933,230,4.5,35,1434,66.6,8.5,982.2,1005.3,2357,992.7,1436,1000.6,12.3,5.8,1100,1.74,11.86,,,,,,3.8,1.6,11,.3,,,,,,,,,,2.5,3.5,,,
95,철원,2025-03-26,11.4,1,630,22.3,1524,,,,,,,7.5,20,2209,4.2,20,2214,1.3,1094,230,.8,15,1537,57.4,6.6,986.4,1010.4,824,1000.5,1834,1004.9,12.4,10.1,1100,2.74,19.37,,,,,,5.4,2.3,11.5,-3.5,,,,,,,,,,3.8,5.4,.7,,
95,철원,2025-03-27,10.4,6.6,2355,18.1,1511,,,,,,1,8.3,340,2051,4.6,360,2052,1.4,1242,290,4.4,26,1702,70,8.6,984.7,1008.7,2258,999.9,518,1003.2,12.4,4.5,1300,2.32,9.93,,,,,,9.4,8.1,12,5.4,,,,,,,,,,1.7,2.5,.6,,
95,철원,2025-03-28,4.6,-2,2358,11.3,1427,,,,,,.3,12.8,290,1516,6,290,1523,1.7,1469,230,-6.3,10,1515,55,4.3,996.2,1021.8,2326,1008.6,1,1015.4,12.5,7.6,1300,3.06,19.02,,,,,,3.8,3.3,7.9,-7.3,,,,,,,,,,3.4,4.9,0,,
95,철원,2025-03-29,.4,-5.8,554,6.1,1427,,,,,,0,16.4,290,1453,7,290,1449,2.4,2035,290,-12,11,1642,44.9,2.6,1003.5,1027.9,2336,1020,1426,1023.1,12.5,9,1400,2.52,16.95,,,,,,2.6,2,4.5,-10.8,,,,,,,,,,2.6,3.8,0,,
95,철원,2025-03-30,.4,-7.3,632,7.2,1612,,,,,,0,13.9,340,1619,5.3,290,1744,1.7,1431,200,-9.4,21,1606,51.1,3.1,1008.9,1030.8,829,1025.8,1708,1028.6,12.6,9.7,1100,2.36,16.04,,,,,,2.5,1.9,2.7,-12.7,,,,,,,,,,1.9,2.7,0,,
95,철원,2025-03-31,4,-6.2,612,12.7,1428,,,,,,,9.5,230,1344,4.4,200,1404,1.3,1113,230,-6.9,22,1824,50.9,3.7,1007.1,1029.4,9,1022.6,1633,1026.5,12.6,11.4,1200,3.17,23.37,,,,,,2.4,0,6.5,-10.7,,,,,,,,,,3.4,4.9,,,
100,대관령,2025-03-01,1.8,-7.4,654,12.8,1402,,,,,,0,8.9,270,1420,5.7,270,1426,1.3,1149,340,-5.3,15,1348,67.5,4.2,928.6,1026.8,359,1014.2,1627,1021.2,11.4,4.4,1300,2.54,10.74,,,,,,7.3,5.4,1.1,-13.5,,,,,,,,,,1.9,2.7,,,
100,대관령,2025-03-02,-.2,-4.5,2318,6.6,857,,,,,,18.8,10.9,50,1857,6.5,90,2316,2.8,2442,70,-2.9,38,903,84.9,5,929.7,1026.8,1924,1020.6,236,1023,11.4,0,900,.76,2.87,,,,,,9.8,9.4,-.2,-5.7,,,,,,,,,,.5,.7,,,
100,대관령,2025-03-03,-5.5,-6.2,1915,-4.5,1,,,,,,21.4,13.5,90,654,6.9,70,622,4.8,4114,90,-6.2,94,1115,94.8,3.8,934,1032,1941,1025,213,1029.8,11.5,0,1100,.93,4.96,,,,,,10,9.6,-.6,-1.3,,,,,,,,,,.4,.5,,,
100,대관령,2025-03-04,-4.2,-6,8,-3.3,1705,,,,,,21.1,11.7,90,1940,6.6,90,1301,4.6,3993,90,-4.7,94,4,95.8,4.3,931.9,1031.6,2,1023.6,1658,1026.9,11.5,0,1200,.68,4.54,,,,,,9.9,9.6,-.6,-.9,,,,,,,,,,.3,.5,,,
100,대관령,2025-03-05,-3,-6.1,2359,-.7,1235,,,,,,3,6,90,54,3.6,110,1421,1.9,1669,90,-3.5,94,1111,96,4.7,931,1027.6,2355,1023.7,1538,1025.6,11.5,1.4,1300,1.25,6.32,,,,,,8.5,8,-.5,-.7,,,,,,,,,,.5,.7,,,
100,대관령,2025-03-06,-5.8,-11.5,636,1.3,1302,,,,,,.1,4.9,90,1250,3,90,1422,.9,738,110,-6.8,83,1304,92.4,3.8,933.7,1033.7,2357,1026.1,1401,1029.6,11.6,4.8,1100,2.96,13.28,,,,,,6.1,5.9,-.6,-.7,,,,,,,,,,1,1.4,,,
100,대관령,2025-03-07,-4.6,-15.2,656,3.3,1226,,,,,,0,6,90,1356,3.9,90,1357,1,854,90,-7.4,42,1151,83.1,3.7,935.7,1036.4,655,1028,1423,1031.4,11.6,8.8,1100,2.88,16.27,,,,,,5.4,3.8,-.6,-.7,,,,,,,,,,1.4,2,,,
100,대관령,2025-03-08,-.4,-5,339,4.4,1430,,,,,,,11.7,250,1441,7,250,1458,3,2560,270,-5.9,41,1526,68.9,4,933.5,1030.8,2353,1024.1,1522,1027.3,11.6,8.8,1200,2.49,16.85,,,,,,5.4,1.5,-.5,-.7,,,,,,,,,,1.9,2.7,,,
100,대관령,2025-03-09,-1.8,-11.2,622,8.2,1345,,,,,,,5.5,270,1406,3.6,90,1437,.9,811,90,-7.7,24,1122,69.9,3.5,937.7,1036.5,719,1028.7,1409,1032.5,11.7,11,1200,3.01,21.17,,,,,,0,0,-.5,-.7,,,,,,,,,,2.5,3.6,,,
100,대관령,2025-03-10,1.1,-9.7,657,8.9,1445,,,,,,,11.9,270,1636,6.6,270,1637,2.6,2253,290,-6.4,28,1633,61.5,3.8,934.5,1034.6,41,1022.9,1559,1027.9,11.7,10.9,1200,2.99,21.16,,,,,,1.4,.6,-.3,-.5,,,,,,,,,,3,4.3,,,
100,대관령,2025-03-11,4.9,-5,637,14.6,1413,,,,,,,6.2,270,1508,3.6,340,2356,1.6,1421,290,-7.8,10,1410,46.6,3.5,929.9,1027,637,1015.9,1558,1021.4,11.8,11,1200,3.04,20.81,,,,,,1.6,1.6,-.3,-.5,,,,,,,,,,4.1,5.8,,,
100,대관령,2025-03-12,5.4,2,19,8.8,1201,,,,,,,18.4,270,1401,10.8,270,1616,5.9,5102,270,-2.4,41,916,57.8,5.2,924.7,1020.4,2356,1011.8,1535,1015.5,11.8,9.5,1200,3.07,20.15,,,,,,5.5,3.3,-.3,-.4,,,,,,,,,,3,4.3,,,
100,대관령,2025-03-13,4,-2.8,724,12.3,1448,,,,,,,8.2,290,1225,5.3,250,323,1.8,1564,340,-9.7,12,1317,43.5,3,931.3,1029.3,2341,1019.7,1447,1023.3,11.8,10.7,1100,3.01,20.67,,,,,,4.8,4.4,-.2,-.4,,,,,,,,,,3.4,4.9,,,
100,대관령,2025-03-14,1.4,-5.4,602,6.3,1246,,,,,,,7.8,110,1035,4.9,110,1037,1.8,1557,90,-4.8,27,906,68,4.4,936.6,1032.8,702,1028.3,1430,1030,11.9,10.8,1200,3.01,20.97,,,,,,3.6,2.8,-.3,-1.9,,,,,,,,,,2.4,3.5,,,
100,대관령,2025-03-15,1.4,-1,1,4.3,1105,,,,,,,10.3,140,1004,5.7,110,1020,2.5,2183,110,-2,49,1044,78.6,5.3,933.2,1030.8,1,1021.8,2400,1026.4,11.9,2.7,1000,2.32,10.87,,,,,,9.6,8.9,-.4,-.5,,,,,,,,,,1.1,1.6,,,
100,대관령,2025-03-16,-1.3,-5,2330,2,1110,,,,,,6.2,10.7,270,1614,6.3,270,1722,2.6,2228,270,-2.3,84,1849,92.6,5.2,920.4,1021.9,1,1009.4,1431,1013.3,12,0,1100,1.49,7.52,,,,,,9.8,9.1,-.4,-.4,,,,,,,,,,.7,.9,,,
100,대관령,2025-03-17,-3.7,-7.6,2338,-1,1512,,,,,,16.4,11.7,250,1341,7.2,270,1349,3.1,2662,270,-8.5,38,1727,72,3.3,923.3,1019.4,2332,1012.4,15,1017.3,12,8.3,1100,.98,5.81,,,,,,8.1,7,-.4,-.5,,,,,,,,,,.9,1.3,,,
100,대관령,2025-03-18,-5.6,-12.5,2400,-1.5,1224,,,,,,23.4,12.8,50,1506,6.9,70,1511,1.9,1612,20,-7.8,56,1056,85.1,3.5,923,1026.7,2346,1012.9,1223,1017.7,12.1,2.8,1200,1.04,6.75,,,,,,8,5.3,-.4,-.5,,,,,,,,,,.5,.7,,,
100,대관령,2025-03-19,-6.8,-19.3,621,.5,1511,,,,,,,12.2,270,1536,7.4,270,1623,2.9,2504,270,-13.1,33,1652,64.8,2.3,929.6,1030.9,621,1021.5,1552,1025.5,12.1,10.3,1500,2.71,12.93,,,,,,1.9,.6,-.4,-.5,,,,,,,,,,1.7,2.4,,,
100,대관령,2025-03-20,1.8,-6.3,638,6.4,1800,,,,,,,19.9,270,1858,13,270,1903,6.7,5763,270,-4.1,44,1439,66.3,4.6,925.9,1025.1,46,1011.9,1841,1018.2,12.1,11.3,1200,3.22,22.91,,,,,,1.4,.4,-.3,-.5,,,,,,,,,,3,4.3,,,
100,대관령,2025-03-21,7.2,1.6,609,12.3,1557,,,,,,,21.4,270,1600,12.6,270,1658,8.8,7631,270,-1.8,30,1302,55.8,5.4,920.4,1015.1,212,1005.1,1637,1010.2,12.2,11.4,1200,3.28,22.67,,,,,,1.4,.5,-.2,-.4,,,,,,,,,,5.2,7.4,,,
100,대관령,2025-03-22,10.3,3.8,649,15.8,1525,,,,,,,24,270,1634,14.8,270,1624,7.4,6417,270,-2.5,26,1732,42.3,5.1,919.9,1012.9,647,1003.4,1624,1008.6,12.2,11.4,1200,3.17,22.25,,,,,,0,0,2.4,-.4,,,,,,,,,,6.1,8.7,,,
100,대관령,2025-03-23,10,-.3,643,19.7,1401,,,,,,,11,270,1645,6.5,270,1411,2.3,1975,290,-2.1,18,1603,47.1,5.3,922.2,1016.2,643,1006.8,1601,1011.2,12.3,11.1,1200,3.18,21.99,,,,,,2.9,2.9,4.2,-4.4,,,,,,,,,,4.4,6.3,,,
100,대관령,2025-03-24,11.7,5.5,233,17.1,1446,,,,,,,17.1,270,2201,10.7,270,2227,5.6,4822,270,.3,27,1652,47.8,6.4,915.3,1010.3,17,998.3,1649,1003,12.3,8.3,1100,2.88,17.92,,,,,,4.4,3.1,5.9,.5,,,,,,,,,,4.6,6.6,,,
100,대관령,2025-03-25,9.6,2.3,539,18.4,1450,,,,,,,21.3,270,1717,13.1,270,2147,6.3,5462,270,.6,25,1359,59,6.6,911.9,1005.8,539,989.8,1608,1000,12.3,7.9,1100,2.78,17.82,,,,,,3.3,1.4,6.1,-3.5,,,,,,,,,,4.8,6.8,,,
100,대관령,2025-03-26,7.7,-.5,633,18,1249,,,,,,,11.7,270,103,7.1,270,53,2.4,2112,90,1.3,20,1255,67.5,6.9,917.2,1011.9,633,1003.4,1531,1006.5,12.4,11,1200,3.05,21.78,,,,,,1.6,.3,6.3,-4.6,,,,,,,,,,3.8,5.5,,,
100,대관령,2025-03-27,11.5,3.2,10,16,1605,,,,,,1.8,13.3,290,618,7.8,270,617,4.4,3820,290,7.1,45,126,76.8,10.3,913.6,1009.1,2400,997.6,558,1001.3,12.4,2.6,1400,1.58,6.69,,,,,,8.5,4.9,8.9,.5,,,,,,,,,,1.1,1.6,,,
100,대관령,2025-03-28,-.2,-4.7,2356,3.5,1,,,,,,2.2,15.7,270,1801,6.7,270,1804,1.7,1475,90,-2.6,37,1805,86.1,5.2,922.4,1022,2337,1008.9,5,1015.1,12.5,2.5,1500,2.3,6.15,,,,,,8.9,7.3,1.5,-8.3,,,,,,,,,,.9,1.2,,,
100,대관령,2025-03-29,-3.8,-8.4,609,3,1218,,,,,,1.1,17.2,270,1308,9.5,270,1847,4.6,3979,270,-11.6,24,1149,59.3,2.7,927.6,1026.9,2351,1017.5,1242,1022.1,12.5,8.7,1100,3.22,19.54,,,,,,1.5,.6,-.6,-12.7,,,,,,,,,,2.4,3.4,,,
100,대관령,2025-03-30,-3.2,-8,507,1.7,1453,,,,,,0,17.8,270,1413,9.9,270,1416,4.8,4134,270,-12.1,26,1045,53.5,2.6,933.5,1030.8,615,1025.4,1451,1028.4,12.5,10.3,1200,3.4,23.28,,,,,,2.4,2,1.6,-11.4,,,,,,,,,,2.2,3.2,,,
100,대관령,2025-03-31,2.2,-4.1,304,9.4,1457,,,,,,,11,290,1437,6.1,270,1438,3.2,2781,270,-6.6,27,1508,55.3,3.7,933.2,1029.4,9,1022,1457,1026.1,12.6,11.2,1200,3.33,24.63,,,,,,3.5,2.5,3.6,-8.8,,,,,,,,,,3.3,4.8,,,
101,춘천,2025-03-01,3.2,-3.2,647,11.5,1716,,,,,,,4.4,320,1527,2.9,290,1533,.9,772,270,-1.4,44,1719,74.3,5.5,1009.7,1023.1,302,1015.1,1516,1019.1,11.4,2.2,1100,1.86,8.27,,,,,,6.5,.5,1.2,-8.4,0,-.1,-.1,0,1,4,7,12.8,16.2,1,1.4,,,
101,춘천,2025-03-02,3.7,-.2,207,11.2,1230,,,,,,6.5,12.1,50,1405,7.5,50,1348,2.7,2364,50,-.3,43,1229,76.3,6,1009.8,1022,2349,1017,1336,1019.3,11.4,0,1200,.87,3.99,,,,,,9.9,5,1.3,-5.3,.2,.1,-.1,0,1,4,7,12.8,16.3,1.1,1.5,14.1,,
101,춘천,2025-03-03,1.2,-.2,221,3.1,1152,,,,,,7.6,10.5,20,956,6.6,20,718,3.4,2942,50,-5.1,52,1539,64,4.2,1015.9,1027.5,1801,1021,234,1025.5,11.4,1.1,1100,1.31,7.38,,,,,,9.6,5.6,-.1,-3.1,0,0,0,0,.9,4,6.9,12.6,16.2,1.4,2,,,
101,춘천,2025-03-04,1.2,.1,1127,2.4,952,,,,,,6,9.6,20,828,4.7,50,828,2.5,2200,50,-3,53,230,74.5,5,1014.2,1027.7,56,1020.7,1855,1023.8,11.5,.4,1600,.75,3.87,,,,,,9.5,6.8,-.1,-2.9,0,0,-.1,0,1,4,6.9,12.7,16.1,.6,.9,6,,
101,춘천,2025-03-05,3.8,.9,23,9.3,1545,,,,,,,5.3,340,459,3,320,628,1.5,1298,320,-2.2,43,1547,65.9,5.2,1013.4,1024.4,949,1020.3,1552,1022.9,11.5,2.6,1100,2.15,13.32,,,,,,8.1,4.6,0,-2.6,.1,.1,0,.1,.9,4,6.9,12.7,16.2,1.6,2.3,,,
101,춘천,2025-03-06,3.1,-3.1,717,10.1,1609,,,,,,,4.6,180,1359,3.3,230,1359,1.1,953,290,-3.6,30,1629,66.3,4.7,1016,1028.2,2325,1023.5,1554,1025.6,11.6,9.3,1300,2.89,18.76,,,,,,1.9,.4,2.8,-7.7,.5,.1,0,.1,1,4,6.9,12.6,16.3,2.1,3.1,,,
101,춘천,2025-03-07,3,-3.7,654,10.4,1543,,,,,,,4.4,250,1429,2.7,200,1438,.9,815,270,-4.4,26,1628,63.4,4.5,1018,1030.8,816,1025.1,1656,1027.5,11.6,8.9,1200,2.51,16.45,,,,,,4.9,1.8,2.7,-8.5,.7,.3,0,.1,1,4,6.9,12.5,16.2,1.9,2.7,,,
101,춘천,2025-03-08,4.4,-.4,713,11.3,1555,,,,,,,7.4,180,1706,4.3,200,1710,1.5,1313,200,-5.9,18,1521,53.9,4.1,1016.2,1028.7,2400,1023,1526,1025.7,11.6,8.8,1300,2.61,16.27,,,,,,4,1.6,3.7,-6.5,1.5,.9,.1,.1,1,3.9,6.9,12.5,16.1,2.7,3.9,,,
101,춘천,2025-03-09,4.2,-3.7,655,14.1,1527,,,,,,,3.7,90,1408,2.3,70,1354,.8,691,250,-3.6,25,1711,63,4.7,1020.2,1032.7,945,1026.8,1805,1029.7,11.7,10.5,1200,2.8,18.98,,,,,,0,0,4.1,-8.9,1.7,1.1,.2,.1,1,3.8,6.8,12.5,16.1,2.5,3.6,,,
101,춘천,2025-03-10,5.1,-3.2,711,15,1519,,,,,,,6.7,230,1444,4.1,180,1550,1.2,1044,200,-3.1,24,1525,61.5,4.9,1016.6,1030.2,740,1022.1,1651,1026.1,11.7,10.2,1200,2.75,18.57,,,,,,0,0,4.3,-8.4,2.1,1.6,.4,.1,.9,3.8,6.7,12.4,16.1,2.9,4.1,,,
101,춘천,2025-03-11,6.5,-2.5,545,17,1625,,,,,,,6.4,180,1348,2.2,110,1350,.8,722,320,-2.9,21,1615,58.1,5,1011.2,1024.8,631,1015.9,1710,1020.6,11.8,10,1200,2.8,19.14,,,,,,2.3,1,5.1,-7.8,2.6,2.1,.7,.1,1,3.7,6.7,12.4,16.2,2.9,4.1,,,
101,춘천,2025-03-12,6.8,1.1,552,14.2,1259,,,,,,,7.5,160,1347,4.5,180,1349,1.7,1447,180,1.7,39,1205,72.3,7,1006.8,1019.6,2359,1012.9,1539,1016.2,11.8,2.4,1200,2.39,10.29,,,,,,6.5,4,3.2,-4.4,2.6,2.3,1,.1,1,3.6,6.7,12.4,16,1.7,2.5,,,
101,춘천,2025-03-13,7,-1.2,519,17,1437,,,,,,,6,290,1525,4,290,1526,1,878,270,-5.5,11,1447,53.4,4.3,1012.8,1025.5,2343,1019.5,10,1022.1,11.8,10.3,1300,2.96,18.92,,,,,,5.1,1.3,5.4,-6.5,3.4,2.9,1.4,.1,1.1,3.6,6.7,12.3,16,3.4,4.8,,,
101,춘천,2025-03-14,9.3,-1.2,645,18.1,1515,,,,,,,6.5,20,1129,3.7,70,1403,1.5,1313,290,-5.6,14,1349,41.4,4.1,1016.4,1028.9,834,1023.1,1650,1025.7,11.9,9.8,1200,2.79,18.99,,,,,,2.9,1,6.3,-7.1,4.1,3.3,1.9,.2,1.6,3.7,6.6,12.3,16.1,4.1,5.8,,,
101,춘천,2025-03-15,9.7,5.9,538,15.8,1514,,,,,,,8.9,20,1911,4.5,50,1047,2.5,2127,50,-3.1,24,1402,42.1,4.9,1012.8,1025.8,854,1018.6,1752,1022.1,11.9,4.5,1200,2.77,14.87,,,,,,8.5,4.8,8.6,2.6,6.1,5.2,3.5,.4,2.6,3.8,6.5,12.3,16,3.1,4.4,3.3,,
101,춘천,2025-03-16,3.6,.6,2347,7.4,1,,,,,,5.8,9.2,290,1719,5.7,250,1741,2.2,1870,320,-.4,44,1657,76.1,6.1,1003.7,1019,1,1009.9,1643,1013.1,12,1.4,1600,1.52,5.4,,,,,,9,5.4,4.6,-1.4,5.2,5.1,4.6,3.2,3.6,4,6.5,12.2,15.8,1,1.5,2.5,,
101,춘천,2025-03-17,2.8,-1.5,457,7.4,1516,,,,,,,8.2,250,1648,5,230,1305,2,1741,230,-8.2,19,1511,48.1,3.4,1006.6,1017.9,1007,1014,1,1016,12,8,1100,2.59,17.31,,,,,,7.5,2.1,4.8,-6.7,4.5,4.5,4.1,3.6,3.9,4.4,6.6,12.2,15.9,2.4,3.4,4.4,,
101,춘천,2025-03-18,1.2,-1,2338,4.3,1714,,,,,,5.9,8.6,20,1521,4.8,340,1547,1.7,1497,50,-2.2,49,118,78.6,5.2,1006.4,1022.4,2341,1012.3,636,1015.9,12.1,1.8,1100,1.71,8.64,,,,,,7.8,2.8,2.7,-5.3,3.6,3.5,3.7,3.8,4.1,4.6,6.6,12.2,15.9,1,1.4,1.5,,
101,춘천,2025-03-19,1.5,-4.8,631,7.2,1550,,,,,,,9.3,200,1503,5,200,1251,2,1711,200,-7.8,21,1433,57.9,3.5,1013.7,1025.1,852,1021.2,1613,1023.2,12.1,10.6,1200,2.99,21.28,,,,,,0,0,3.6,-10.1,3.5,3.5,3.3,3.3,3.9,4.9,6.7,12.1,15.9,2.9,4.1,,,
101,춘천,2025-03-20,5.7,-3.3,312,14.6,1643,,,,,,,9.3,230,1703,5.1,230,1711,1.8,1541,180,-2.1,31,1705,60.6,5.3,1008.8,1024.1,9,1012.8,1653,1018.2,12.1,5.8,1300,2.77,14.61,,,,,,4.4,3.8,5.6,-8.5,4.8,4.5,4,3.8,4,5,6.8,12.1,15.8,2.7,3.8,,,
101,춘천,2025-03-21,12.6,6.6,707,19.9,1529,,,,,,,9.6,250,1647,5.6,250,1643,2.8,2461,200,1,23,1717,49.3,6.6,1001.8,1014.6,146,1006.4,1644,1010.9,12.2,9.6,1200,2.81,19.41,,,,,,1.8,1.8,10.6,4.5,8.5,8.1,6.8,5.5,4.6,5.1,6.8,12,16,4.2,6,,,
101,춘천,2025-03-22,13,2.2,654,22.4,1459,,,,,,,9.8,200,1830,6.2,200,1831,2,1711,200,-.2,20,1611,44.5,6,999.9,1011.1,725,1005.2,1520,1008.9,12.2,10.8,1200,2.85,19.95,,,,,,0,0,11.3,-2.8,9.9,9.6,8.4,7.1,5.6,5.3,6.9,12.1,15.8,4.3,6.2,,,
101,춘천,2025-03-23,13.1,2.5,555,24.3,1546,,,,,,,6.8,200,1720,2.8,200,1722,1,834,320,.4,17,1548,48.3,6.3,1000.4,1013.6,850,1006.3,1623,1009.5,12.3,9.6,1200,2.87,19.98,,,,,,2.9,.8,12.1,-2.7,10.5,10.1,9.1,7.9,6.5,5.5,6.9,12,15.8,3.5,5,,,
101,춘천,2025-03-24,15,7.7,604,22.7,1427,,,,,,,7.3,200,1843,4.5,200,1850,1.6,1405,230,3.6,25,1523,50,8,993.5,1007.2,21,998.3,1540,1002.4,12.3,7.8,1300,2.69,17.71,,,,,,4.5,1.8,13.7,3.9,12,11.8,10.6,9.2,7.4,5.8,7,12,15.8,4,5.7,,,
101,춘천,2025-03-25,13.7,9.2,600,21.3,1447,,,,,,,14,200,1602,8,200,1608,2.5,2189,200,4.1,30,1444,55.5,8.3,990.9,1004.4,2400,991.4,1515,999.8,12.3,3.1,1100,1.88,12.03,,,,,,4.5,1.3,12.5,7,12,11.9,11.1,10,8.3,6.1,7.1,12,15.9,2.9,4.1,,,
101,춘천,2025-03-26,12.5,2.1,644,23,1701,,,,,,,3.7,320,728,2.5,320,730,.9,792,270,.9,18,1638,51.5,6.6,995.3,1009.9,847,999.6,2206,1004.4,12.4,10.2,1300,2.84,19.73,,,,,,3.9,.4,13,-3,11.7,11.3,10.7,9.9,8.7,6.5,7.2,12,15.8,3.6,5.1,,,
101,춘천,2025-03-27,13.4,9,2351,19.7,1541,,,,,,.2,6.3,290,239,4.1,320,2211,1.6,1379,320,4.2,26,1842,55.5,8.5,991.9,1006.8,2311,998.3,546,1000.9,12.4,1.3,1400,1.59,8.22,,,,,,8.9,4.6,13.2,5.8,12.4,12.1,11.4,10.5,9.2,6.9,7.3,11.9,15.7,1.9,2.7,.2,,
101,춘천,2025-03-28,7,3.3,2400,12.8,1515,,,,,,.9,11.9,320,1537,7,270,1551,2.4,2109,200,-4.7,8,1616,49.5,4.8,1004,1019.6,2353,1006.6,1,1013.3,12.5,5.8,1300,2.94,14.2,,,,,,6.3,3.8,10.1,-3.7,10.9,10.9,10.8,10.5,9.5,7.3,7.5,11.9,15.7,3,4.3,.9,,
101,춘천,2025-03-29,1.3,-4,538,7,1054,,,,,,.7,13,250,1650,8.6,270,1708,2.7,2323,250,-9.8,11,1733,48.9,3.2,1012.2,1026.3,2313,1018.3,1558,1021.8,12.5,8.5,1000,2.58,17.92,,,,,,2.4,.5,3.8,-9.8,6.7,7.1,7.9,8.8,9.2,7.6,7.7,11.9,15.7,2.8,4.1,.7,,
101,춘천,2025-03-30,1,-5.8,651,5.8,1203,,,,,,.1,8.8,230,1235,5.1,250,1152,1.8,1538,180,-6.9,21,945,57.6,3.8,1018.1,1029.7,853,1025.4,1852,1027.7,12.5,5,1000,2.54,14.05,,,,,,2.8,.6,2.2,-11.7,5.3,5.5,6.2,7.2,8.3,7.8,7.8,11.9,15.8,1.7,2.4,.1,,
101,춘천,2025-03-31,5.2,-4.7,619,14.4,1508,,,,,,,6.9,180,1650,4.6,270,1514,1.4,1252,200,-5.9,21,1758,52,4,1015.9,1028.3,43,1021.1,1625,1025.3,12.6,10.5,1200,3.08,22.7,,,,,,2.5,.8,6.4,-10.1,6.8,6.7,6.5,6.7,7.6,7.9,8,11.9,15.7,3.6,5.1,,,
104,북강릉,2025-03-01,9.9,6,2046,14.6,1308,,,,,,,4.9,140,1317,2.8,110,1318,1.1,911,180,-2.3,26,1429,44.6,5.4,1007.6,1018.9,102,1013.6,1540,1016.7,11.4,3.1,1300,2.06,10.45,,,,,,5.4,3.9,7.5,.8,6.5,5.9,5.4,4.7,4.2,4.6,6.4,11,14.9,1.8,2.6,,{햇무리}0720-0930. {햇무리}1040-1120. {햇무리}1210-1245.,
104,북강릉,2025-03-02,5.6,.4,2152,11.6,431,10.25,,,,,14.7,7.2,360,1749,3.7,360,1128,1.1,986,20,-.1,36,345,71.8,6.2,1012,1026,1938,1014.5,256,1021.4,11.4,.1,900,.54,1.9,4.8,2400,4.8,2400,4.8,9.4,9.4,3.8,0,4.4,4.7,5.4,5.1,4.7,4.8,6.5,11,14.9,.5,.7,32.1,{박무}1005-{박무}{강도0}1200-1250. {박무}1315-{박무}{강도0}1500-{박무}{강도0}1800-1920. {비}1345-{비}{강도0}1500-{얼음싸라기}1555-{진눈깨비}1740-{진눈깨비}{강도0}1800-{싸락눈}1855-{눈}1915-{시정(미만)}{1km}{눈}2010-{시정(이상)}{1km}{눈}2015-{시정(미만)}{1km}{눈}2025-{시정(이상)}{1km}{눈}2055-{눈}{강도0}2100-{시정(미만)}{1km}{눈}2140-{시정(이상)}{1km}{눈}2155-{시정(미만)}{1km}{눈}2205-{시정(이상)}{1km}{눈}2225-{싸락눈}2240-{시정(미만)}{1km}{싸락눈}2255-{시정(이상)}{1km}{싸락눈}2305-{눈}2345- {눈}{강도0}2400-,
104,북강릉,2025-03-03,.9,-.4,1946,1.8,1313,8.25,,,,,17.4,5.6,360,715,2.2,20,1137,1,903,50,-3,62,1514,75.6,4.9,1019.2,1030.6,1223,1024.4,240,1028.8,11.5,0,1100,.91,5.32,13.5,700,18.3,700,13.5,9.5,8.6,.4,0,1.7,2.3,3.8,4.4,3.8,5,6.5,10.9,14.9,.7,1,,-{눈}-{시정(미만)}{1km}{눈}0005- {시정(미만)}{0.5km}{눈}0020-{시정(이상)}{0.5km}{눈}0030-{시정(이상)}{1km}{눈}0210-{시정(미만)}{1km}{눈}0250-{시정(미만)}{0.5km}{눈}0255-{눈}{강도1}0300-{시정(이상)}{0.5km}{눈}0310-{시정(이상)}{1km}{눈}0420-{시정(미만)}{1km}{눈}0440-{시정(이상)}{1km}{눈}0515-{눈}{강도0}0600-{진눈깨비}0705-0815.,
104,북강릉,2025-03-04,1.7,.4,111,3,1104,13.17,,,,,12.4,5.1,110,817,2.8,290,2346,1.1,910,70,-1.1,60,941,82.6,5.7,1016.3,1030.2,10,1022.9,1924,1025.8,11.5,0,1400,.38,2.55,.9,2400,14.7,1,1.1,9.8,9.5,.3,0,1.1,1.6,3,3.6,2.9,5.1,6.5,10.8,14.7,.4,.6,28.6,{진눈깨비}1005-{눈}1130-{눈}{강도0}1200-{눈}{강도0}1500-{진눈깨비}1735-{비}1740-{진눈깨비}1750-{진눈깨비}{강도0}1800-{비}1830-1925. {비}2010-{비}{강도0}2100-{진눈깨비}2250-{눈}2255-{눈}{강도0}2400-,
104,북강릉,2025-03-05,1.5,0,2337,3.8,1356,17.25,,,,,17.9,6.6,340,1427,2.6,360,1434,1.1,969,320,.3,75,1428,92,6.2,1014.6,1025.3,2235,1022.5,1546,1024.1,11.5,0,1200,1.56,7.54,4.2,800,18.3,600,4.2,8.4,8.3,.1,-.1,.7,1.1,2.5,3,2.4,5,6.6,10.8,14.7,.8,1.1,1.7,-{진눈깨비}-{진눈깨비}0140-{눈}0210-{시정(미만)}{1km}{눈}0235-{시정(이상)}{1km}{눈}0244-{눈}{강도1}0300-{눈}{강도0}0600-{진눈깨비}0610-{눈}0730-{눈}{강도0}0900-{진눈깨비}1125-{비}1135-{비}{강도0}1200-1250. {비}1445-{비}{강도0}1500-1610. {비}1750-{비}{강도0}1800-2015. {비}2040-{비}{강도0}2100-2115.,
104,북강릉,2025-03-06,2.2,-.7,2313,6,1354,,,,,,,4.5,50,1400,2.5,20,1130,.9,817,20,-1.4,58,1104,77.3,5.5,1016.9,1028,2357,1024.5,11,1026.4,11.6,6.6,1200,2.78,15.16,,,12.8,1,,5.3,4.4,.1,-.2,.7,1,2.2,2.7,2,4.8,6.5,10.7,14.6,1.5,2.1,,,
104,북강릉,2025-03-07,3.4,-1.8,621,7.4,1346,,,,,,,6.7,140,1524,3.4,110,1527,1,868,110,-1.9,47,937,68.8,5.4,1018.6,1030.1,846,1026.8,2321,1028.1,11.6,7.1,1200,2.78,15.5,,,9.3,1,,5.3,2.5,0,-2.8,.5,.8,2,2.4,1.7,4.7,6.5,10.6,14.5,1.7,2.4,,,
104,북강릉,2025-03-08,5.5,1.7,2342,9.1,1504,,,,,,,4.6,360,1314,2.9,360,1314,1,879,180,-.7,46,2256,65.1,5.9,1015.3,1027,8,1022.7,1642,1024.7,11.7,6.9,1100,2,13.8,,,6.2,1,,5.3,1.9,2.7,-5,2.1,2.1,2.3,2.4,1.6,4.5,6.5,10.5,14.4,1.7,2.4,,{햇무리}0850-1020. {햇무리}1050-1130.,
104,북강릉,2025-03-09,5.8,2.1,2257,10.4,1305,,,,,,,4.9,70,1122,2.4,20,1107,1.1,923,180,-3.1,30,1000,54.1,4.9,1019.5,1030.8,1046,1026.1,1,1028.9,11.7,10.6,1200,2.85,19.23,,,1.6,1,,.4,0,4.8,-4,4,3.6,3.4,3,1.9,4.4,6.4,10.5,14.4,2.7,3.8,,,
104,북강릉,2025-03-10,9.4,1.4,36,16.1,1334,,,,,,,7.8,250,1206,3.8,230,1206,1.6,1394,180,-2.1,21,1405,46.1,5.3,1014.9,1028.5,1,1020.8,2358,1024.1,11.7,10.6,1200,2.89,19.71,,,,,,.6,0,6.1,-4,5.8,5.2,4.7,4,3.1,4.4,6.4,10.5,14.4,3.7,5.3,,,
104,북강릉,2025-03-11,10.3,4.7,535,16.8,1113,,,,,,,6.6,140,1455,3.7,140,1405,1.3,1143,110,-4.7,12,1106,36,4.4,1009.1,1020.9,1,1015.5,2357,1018.2,11.8,10.6,1200,2.85,19.67,,,,,,1.4,0,7.5,-1.2,7.1,6.6,6.1,5.2,4.4,4.7,6.4,10.5,14.4,3.7,5.2,,{연무}1950-{연무}{강도0}2100-2110.,
104,북강릉,2025-03-12,12.9,7.2,11,18.3,1330,,,,,,,10.1,250,2138,5.9,270,2143,1.7,1435,290,-2.8,23,959,33.8,5.1,1003.9,1016.6,2356,1009.5,1559,1012.9,11.8,9.1,1200,2.84,18.51,,,,,,4.4,1.1,10.2,2,8.8,8.1,7.2,6.2,5.5,5,6.4,10.4,14.3,4.3,6.1,,,
104,북강릉,2025-03-13,9.7,5.3,2102,13.5,1154,,,,,,,8.7,270,306,4,290,308,1.5,1313,290,-9.7,14,939,26,3,1011.5,1023.8,2342,1016.5,1,1020.7,11.9,9.9,1100,2.86,19.32,,,,,,4.1,0,8.9,.1,8.5,8.3,8,7.2,6.5,5.4,6.5,10.5,14.4,3.6,5.2,,{달무리}0440-0515. {채운}1115-1125. {햇무리}1210-1340. {햇무리}1440-1510. {햇무리}1545-1640. {채운}1740-1750.,
104,북강릉,2025-03-14,8,4.5,2228,11.5,1212,,,,,,,7.8,110,1549,4.1,110,1605,1.6,1360,90,-1.6,30,204,52.1,5.5,1018.6,1030,1055,1023.5,5,1027.9,11.9,10.2,1200,2.9,19.7,,,,,,3.4,.3,8.7,-1.5,8.2,8,8,7.4,6.5,5.7,6.6,10.4,14.3,2.6,3.7,,,
104,북강릉,2025-03-15,7,4.3,107,10.6,1055,3.83,,,,,0,9.8,110,1141,5.2,110,1214,1.7,1497,140,1.2,47,1057,67.8,6.7,1015.5,1028.4,1,1020,2357,1024.8,11.9,1.5,1000,2.04,7.85,,,,,,9.4,6.3,6.8,1.8,7.1,7.3,7.8,7.6,6.9,6.1,6.9,10.5,14.4,1.4,1.9,2.9,{비}1945-{비}{강도0}2100-2335.,
104,북강릉,2025-03-16,3.9,.3,2355,6.5,113,18.75,,,,,5.9,11.4,250,1914,5.4,270,1914,1.4,1171,140,2.1,59,2003,88.6,7.2,1002.1,1020,1,1007.9,1907,1011.4,12,0,1000,.79,3.72,1.5,2400,1.5,2400,1.5,10,9.3,5.8,-.1,6.1,6.5,7.4,7.3,6.8,6.3,7,10.5,14.3,.6,.9,19.9,{비}0120-{비}{강도0}0300-0355. {비}0435-{비}{강도0}0600-{비}{강도0}0900-{이슬비}1005-{비}1055-{비}{강도0}1200-{비}{강도0}1500-1740. {박무}0505-{박무}{강도0}0600-{박무}{강도0}0900-1005. {박무}1035-1140. {눈}2055-{눈}{강도0}2100-{눈}{강도0}2400-,
104,북강릉,2025-03-17,2.7,-.1,57,6.3,1541,8,,,,,16.9,11.1,360,301,5.2,360,309,1.8,1551,320,-4.1,29,1711,64.8,4.7,1005.8,1016.8,919,1010.2,1,1015.2,12,7.5,1300,2.21,16.64,19.4,600,20.9,600,21.4,7.4,5.9,.6,-.3,3,3.9,5.7,6.4,5.8,6.5,7,10.4,14.2,1.9,2.7,.1,-{눈}-{시정(미만)}{1km}{눈}0040-{시정(미만)}{0.5km}{눈}0105-{시정(미만)}{0.2km}{눈}0155-{시정(이상)}{0.2km}{눈}0220-{시정(이상)}{0.5km}{눈}0235-{시정(이상)}{1km}{눈}0255-{눈}{강도2}0300-{시정(미만)}{1km}{눈}0350-{시정(이상)}{1km}{눈}0410-{싸락눈}0455-{시정(미만)}{1km}{싸락눈}0505-{시정(이상)}{1km}{싸락눈}0545-{눈}0555-{눈}{강도1}0600-0710. {눈}1140-1150. {눈}1210-1250.,
104,북강릉,2025-03-18,.8,-1.2,708,3.1,1032,11.87,,,,,6.7,9.8,360,1503,5.5,360,1203,1.8,1525,360,-2.3,47,338,80.3,5.2,1006.2,1021.8,2359,1012.2,1237,1015.6,12.1,3.8,1000,1.97,8.06,3.3,1400,9.3,1400,4.6,7.3,5.1,.8,-.6,2.1,2.7,4.4,5.1,4.4,6.4,7.1,10.2,14.1,.8,1.2,6.6,{눈}0315-{눈}{강도0}0600-0610. {눈}1148-{눈}{강도0}1200-{시정(미만)}{1km}{눈}1240-{시정(미만)}{0.5km}{눈}1252-{시정(이상)}{0.5km}{눈}1257-{시정(이상)}{1km}{눈}1334-{눈}{강도0}1500-{시정(미만)}{1km}{눈}1554-{시정(이상)}{1km}{눈}1606-{시정(미만)}{1km}{눈}1756-{시정(미만)}{1km}{눈}{강도1}1800-{시정(이상)}{1km}{눈}1804-2045.,
104,북강릉,2025-03-19,2.2,-3.4,538,6.2,1436,,,,,,,5.2,110,1257,2.4,50,1509,1.2,1041,230,-6,36,2230,57.1,3.9,1012.1,1023.6,909,1020.1,1556,1021.5,12.1,11.1,1300,2.79,19.89,,,8.4,1,,.5,.5,1.7,-4.3,2.2,2.5,3.8,4.4,3.6,6.2,7.2,10.3,14.1,2.4,3.5,,,
104,북강릉,2025-03-20,9.8,1,33,16.1,1418,,,,,,,13.3,290,1303,6.4,270,2152,2.3,2007,180,-3.6,24,1351,40,4.7,1004.9,1020.4,29,1009.4,1834,1014,12.1,11.2,1200,2.99,21.59,,,1.7,1,,1.9,.8,6.3,-2.9,5.2,4.7,4.4,4.3,3.2,6,7.1,10.1,14,4.5,6.4,,,
104,북강릉,2025-03-21,15.6,7.5,530,21.2,1433,,,,,,,12.8,270,228,7.1,270,1410,3,2613,250,-1.8,16,1220,31.8,5.4,998,1010.6,126,1003.2,1849,1006.8,12.2,11.3,1100,2.86,20.37,,,,,,1.3,.1,11,3.1,9.1,8.2,6.9,5.9,5.1,5.9,7.2,10.2,14,6.1,8.8,,{연무}0320-0445.,
104,북강릉,2025-03-22,19.3,11.8,431,25.7,1446,,,,,,,12.2,250,623,6.5,250,733,3.1,2680,270,-2.3,16,1417,23.5,5.2,996.1,1006.9,2332,1002.2,1526,1004.9,12.2,11.1,1200,2.98,21.19,,,,,,.5,0,13.7,6.7,11.8,10.7,9,7.7,7.1,6,7.2,10.2,14,6.3,8.9,,,
104,북강릉,2025-03-23,11,7.8,2135,18.4,236,,,,,,,10.5,270,204,5.4,270,209,1.4,1205,110,5.2,22,29,71.8,9.1,1001,1013.6,945,1006.3,111,1010.1,12.3,10.4,1200,2.94,20.7,,,,,,3,0,13.4,5.1,12,11.3,10.3,9,8.4,6.4,7.3,10.3,14,2.3,3.3,,,
104,북강릉,2025-03-24,16.7,7.3,542,24.3,1321,,,,,,,14.2,270,1540,8.5,250,1547,2.7,2326,250,2.6,19,1406,46.3,7.5,991.7,1007.5,1,996.4,1535,1000.5,12.3,5.5,1300,2.75,14.64,,,,,,6.3,4.4,13,6.2,12,11.4,10.6,9.7,9.1,6.9,7.4,10.3,14.1,5.1,7.3,,{박무}0225-{박무}{강도0}0300-{박무}{강도0}0600-0830. {황사}2110-{황사}{강도0}2400-,
104,북강릉,2025-03-25,10.4,5.8,2242,22.4,1717,,,,,,,16,290,1730,8.9,270,1739,1.6,1389,360,5.5,32,1717,73,9.1,989.9,1002.8,611,989.2,1702,998.9,12.3,8.6,1100,2.57,17.81,,,,,,3.8,.8,13.3,3.1,12.2,11.9,11.3,10.3,9.6,7.3,7.5,10.3,14,2.4,3.4,,-{황사}-{황사}{강도0}0300-{황사}{강도0}0600-0820.,
104,북강릉,2025-03-26,9.9,4.7,608,15.3,1507,,,,,,,7.2,110,1052,3.8,110,1039,1.5,1293,110,6.5,54,927,80.5,9.7,996.5,1009.2,916,1001.9,3,1005.5,12.4,10.5,1200,2.89,19.67,,,,,,4.8,1.8,13.3,-.6,11.4,11.1,11,10.4,9.5,7.6,7.6,10.2,13.9,2.4,3.4,0,{박무}0220-{박무}{강도0}0300-0425. {박무}0455-0515. {햇무리}1540-1620. {박무}1855-2010. {박무}2130-{박무}{강도0}2400-,
104,북강릉,2025-03-27,8.5,6.8,2,13.4,1651,4.3,,,,,2.4,6.6,360,1341,4.2,360,1343,1.2,1028,340,6.2,66,1637,86.3,9.5,993.1,1007.9,2334,999.1,1523,1002.2,12.4,1,1200,1.51,7.37,,,,,,9.6,7.8,11.1,7,10.7,10.8,11,10.5,10.1,7.9,7.8,10.2,13.9,.9,1.3,18.6,-{박무}-0055. {비}0825-0850. {비}0855-{비}{강도0}0900-1110. {햇무리}1650-1715. {박무}2130-{박무}{강도0}2400- {비}2222-{비}{강도0}2400-,
104,북강릉,2025-03-28,4.3,1.6,2325,7.8,1557,14.75,,,,,23.4,6.3,290,1742,3.1,180,1412,1.1,975,20,2.4,55,1736,88,7.4,1004.4,1018.4,2325,1007.8,33,1013.7,12.5,3,1400,2.45,7.45,,,,,,8.4,5.8,9,-2.8,8.1,8.7,9.8,10,9.6,8.1,8.1,10.3,13.9,1.1,1.6,7.2,-{비}-{비}{강도0}0300-{비}{강도0}0600-{비}{강도1}0900-{진눈깨비}0950-{비}1030-{진눈깨비}1155-{진눈깨비}{강도0}1200-{비}{강도0}1255-1425. -{박무}-{박무}{강도1}0300-{박무}{강도1}0600-{박무}{강도0}0900-{박무}{강도0}1200-1255. {비}1730-1750.,
104,북강릉,2025-03-29,4,-.2,522,10,1239,.67,,,,,0,12.7,290,2059,7.7,270,1317,2.6,2257,250,-11.2,16,1119,35,2.8,1009.9,1024.2,2358,1016.4,1558,1019.3,12.5,10.8,1200,3.26,21.68,,,,,,1.4,.8,4.3,-4.5,6.1,7,8.3,8.6,7.7,8.2,8.1,10.1,13.7,3.9,5.6,0,{눈}1450-{눈}{강도0}1500-1530.,
104,북강릉,2025-03-30,4,-.2,626,9,1447,,,,,,,11.7,270,11,5.7,270,15,2.4,2088,290,-12.7,15,952,30.4,2.5,1016.8,1028.5,910,1023.9,13,1026.2,12.5,10.9,1100,3.17,21.26,,,,,,1.9,1.9,3.9,-3.3,5.3,6,7.5,8,7.1,8.2,8.3,10.2,13.8,3.1,4.5,,,
104,북강릉,2025-03-31,6.8,-1,525,11.9,1613,,,,,,,6,140,1146,3.7,140,1451,1.4,1197,110,-3.8,35,941,47.3,4.7,1014.7,1026.5,113,1021.3,1633,1024,12.6,10.8,1200,3.17,23.19,,,,,,2.8,.5,7.2,-5.5,7.5,7.3,7.7,7.8,6.7,8.1,8.3,10.1,13.6,3.4,4.8,,{채운}1625- {햇무리}1645-1645.1750. {채운}1755-1815.,
105,강릉,2025-03-01,10.8,7.1,2319,16.3,1332,,,,,,,6.3,250,341,3.7,250,547,1.7,1458,250,-.4,27,1320,47.8,6.1,1013.8,1019.3,812,1013.7,1553,1017.1,11.4,2.7,1300,2.41,10.38,,,,,,6.6,3.5,8,-.2,6.8,6.7,5.9,5.8,5.2,5.5,8.3,13.2,16.9,2,2.9,,,
105,강릉,2025-03-02,6.1,.6,2158,11.7,446,,,,,,16.9,9.2,270,1116,5.4,290,1124,1.9,1605,70,1.1,40,844,74.4,6.7,1018.2,1026.2,1933,1014.8,301,1021.6,11.4,.1,900,.58,1.93,,,,,,9.8,8.3,3.6,-1.1,4.7,4.9,4.8,5.4,5.6,5.7,8.3,13.2,16.9,.5,.7,,,
105,강릉,2025-03-03,1.6,.3,343,2.6,1155,,,,,,17.5,7.2,50,1152,3.1,70,857,1.6,1360,70,-2.7,56,1616,74.4,5,1025.6,1030.8,1228,1024.8,222,1029.1,11.5,.1,1100,.94,5.48,,,,,,10,8.5,-.5,-.5,1.9,2.3,2.3,3.5,4.1,5.2,9.2,14,17.7,.9,1.3,,,
105,강릉,2025-03-04,2,.4,149,3.3,1054,,,,,,10.1,6.7,70,913,2.9,90,847,1.5,1322,70,-.7,60,924,83.5,5.9,1022.7,1030.6,9,1023.1,1924,1026.1,11.5,0,1400,.37,2.64,,,,,,9.8,8.1,-.4,-.5,1.4,1.8,1.5,2.6,3.4,5.4,9.1,13.7,17.4,.4,.6,,,
105,강릉,2025-03-05,1.8,.5,659,4,1456,,,,,,14.4,6.7,320,955,3.9,320,1000,1.7,1468,320,.8,76,1422,93.9,6.5,1021.1,1025.7,2123,1023,1545,1024.5,11.5,0,1200,1.09,6.07,,,,,,8.3,7.8,-.8,-.7,1.1,1.4,.8,1.9,,,,,,.7,1,,,
105,강릉,2025-03-06,2.7,-.1,2349,6.5,1447,,,,,,,6.1,250,342,3.7,250,343,1.7,1503,250,-.8,61,1108,78.4,5.8,1023.5,1028.5,2341,1025,10,1026.9,11.6,3.9,1200,2.19,12.25,,,,,,5.9,3,2.1,-1.6,1.9,2.1,1.2,2.1,2.4,4.8,8.7,12.9,16.8,1.3,1.9,,,
105,강릉,2025-03-07,3.9,-.7,655,9.3,1352,,,,,,,7.5,90,1256,4.3,250,743,1.9,1648,250,-1.2,51,1354,70.3,5.6,1025.1,1030.7,826,1027.3,1540,1028.5,11.6,6.9,1200,2.62,14.62,,,,,,4.6,3.8,2.9,-2,2.5,2.7,1.4,2.3,2.5,4.7,8.5,12.6,16.7,1.7,2.4,,,
105,강릉,2025-03-08,6.1,2.1,201,11.1,1325,,,,,,,8.8,250,1142,4.5,230,1151,1.8,1515,250,-.8,37,1308,63,5.9,1021.8,1027.5,7,1023.1,1538,1025.1,11.7,6.6,1100,2.25,14.02,,,,,,5.4,2.1,5.2,-1.5,4.2,4.3,3.1,3.8,3.4,4.6,8.7,12.7,17,2.3,3.3,,,
105,강릉,2025-03-09,6.6,2.5,2349,11.9,1431,,,,,,,7.4,250,702,4.7,250,825,2.2,1869,250,-2.3,31,1040,54.4,5.2,1026,1031.3,1030,1026.6,1,1029.4,11.7,10.8,1200,2.73,18.5,,,,,,0,0,5.8,-1.6,5,5.1,3.9,4.6,4.4,5.1,8.3,12.2,16.5,2.8,4.1,,,
105,강릉,2025-03-10,10.9,2.2,27,17.1,1457,,,,,,,7.4,230,1411,3.8,250,1701,2.3,2003,250,-2.6,21,1654,40.8,5.1,1021.3,1029.1,1,1021.2,2355,1024.6,11.7,10.8,1200,2.7,18.7,,,,,,.4,0,7.3,-2,6.1,6.1,5,5.6,5.3,5.7,7.8,11.9,16.1,4.2,6,,,
105,강릉,2025-03-11,12.6,8.3,601,18.7,1304,,,,,,,7,250,905,3.8,230,918,2,1717,250,-4.3,16,1052,31.6,4.5,1015.3,1021.3,1,1015.9,2359,1018.6,11.8,10.6,1200,2.75,18.95,,,,,,1,0,8.4,.2,7.5,7.4,6.3,6.6,6.1,6.1,7.8,11.9,16,4.5,6.4,,,
105,강릉,2025-03-12,14,10,2358,18.2,1351,,,,,,,10.9,200,1934,5.6,230,1336,3.2,2732,230,-.5,26,413,37.1,6,1010.1,1017.2,2358,1010.4,1536,1013.3,11.8,8.1,1200,2.73,17.27,,,,,,5.3,2.3,9.4,2.1,8.4,8.3,7.4,7.7,7,6.4,7.9,12,16,4.3,6.1,,,
105,강릉,2025-03-13,10.3,5.9,2352,14.7,1206,,,,,,,7.2,270,356,3.9,250,139,2,1734,230,-6,15,1228,32.9,4,1017.8,1024.1,2342,1017,6,1021.1,11.9,9.8,1300,2.61,18.42,,,,,,4.6,.5,8.4,-.4,7.7,7.8,7.1,7.7,7.4,6.7,8.1,12.2,16.1,3.6,5.2,,,
105,강릉,2025-03-14,8.6,4.6,626,12.9,1215,,,,,,,8.3,110,1400,4.4,90,1416,2.2,1871,250,-.6,31,1308,53.6,5.9,1024.9,1030.3,1053,1023.9,10,1028.2,11.9,10.4,1200,2.79,19.2,,,,,,3.9,1.1,8.4,-.7,7.4,7.6,7,7.5,7.5,7.1,8.1,12.1,15.9,2.9,4.1,,,
105,강릉,2025-03-15,7.4,4.8,315,11,1043,,,,,,0,9.6,110,1227,5.9,110,1240,2.3,1959,140,1.7,46,1034,67.6,6.9,1021.9,1028.8,1,1020.5,2345,1025.2,11.9,.9,1000,1.68,6.75,,,,,,9.6,7.1,6.3,2.5,6.5,6.7,6.6,7.3,7.3,6.9,8.9,12.8,16.6,1.4,2,,,
105,강릉,2025-03-16,4.6,.8,2359,7.1,128,,,,,,6.6,8.1,90,1432,5.2,320,1359,1.7,1428,320,2.4,63,1946,86.6,7.3,1008.4,1020.5,1,1008.5,1341,1011.8,12,0,1200,.84,5,,,,,,10,8.3,5.9,-.7,6.1,6.4,6.2,6.8,7,7,9.1,12.8,16.6,.7,.9,,,
105,강릉,2025-03-17,2.9,0,143,6.5,1507,,,,,,17.7,10,340,208,4.7,320,159,2.1,1843,320,-3.7,31,1800,66.1,4.8,1012.3,1017.2,919,1010.7,9,1015.6,12,6.5,1100,2.41,16.26,,,,,,8.5,4.8,.2,-.7,3.8,4.1,4,5.3,6.1,6.8,9.5,13.1,16.9,2,2.8,,,
105,강릉,2025-03-18,1.3,-.9,2339,3.9,1134,,,,,,10.4,10.6,340,1655,6,340,1212,2.1,1824,250,-1.7,51,414,81.1,5.4,1012.5,1022.2,2339,1012.5,1308,1016,12.1,3,1100,1.79,7.4,,,,,,8.1,5,.8,-.8,2.5,2.9,2.8,4,4.5,6.5,9.9,13.2,17.1,.8,1.2,,,
105,강릉,2025-03-19,2.7,-3.2,623,7.7,1346,,,,,,,8.9,230,1237,5,230,1237,2.5,2201,250,-5.1,32,1309,58,4.2,1018.6,1024.2,927,1020.4,1559,1022,12.1,10.7,1200,2.98,19.67,,,,,,.5,0,3.4,-1.4,2.9,3.1,2.7,3.7,4.1,6.5,9.5,12.5,16.5,2.8,4.1,,,
105,강릉,2025-03-20,10.3,3.5,116,15.9,1539,,,,,,,13.9,180,2252,6.7,230,1741,4,3441,230,-2.3,28,1436,42.1,5.2,1011.4,1021,1,1010.1,1839,1014.7,12.1,11,1200,2.9,20.71,,,,,,2.1,2,6.8,-1.2,5.3,5.2,4.6,5,4.9,6.7,9,12,16,4.7,6.7,,,
105,강릉,2025-03-21,15.9,9.6,651,21.4,1426,,,,,,,14.6,250,244,8.2,230,308,4.2,3643,230,.1,21,1342,35.6,6.2,1004.3,1011.7,131,1003.9,1856,1007.5,12.2,11.2,1100,2.74,19.84,,,,,,0,0,10,6.4,8.3,8.1,7.4,7.2,6.6,7,8.7,11.6,15.6,6.1,8.8,,,
105,강릉,2025-03-22,19.2,13.7,255,25.2,1433,,,,,,,14.4,230,2144,7.2,250,932,4.4,3768,250,0,21,1626,28.3,6.2,1002.6,1007.7,951,1003,1610,1005.8,12.2,10.9,1200,2.87,19.96,,,,,,.4,0,11.8,5.7,10.1,9.9,9.2,8.9,8,7.5,8.4,11.5,15.4,6.5,9.2,,,
105,강릉,2025-03-23,12.8,9.4,2353,18.3,1,,,,,,,14.7,250,32,7.3,250,40,1.9,1602,70,6.1,24,1,66.5,9.6,1007.1,1014,949,1006.7,26,1010.3,12.3,10.3,1200,2.83,19.86,,,,,,3,1.1,12.7,2.7,10.7,10.7,10,9.9,9.1,7.9,8.4,11.5,15.4,2.5,3.5,,,
105,강릉,2025-03-24,17.8,8.3,435,24.6,1619,,,,,,,15.4,250,1254,7,250,1611,3.2,2754,250,3.9,21,1708,45.9,8.2,997.9,1007.9,1,997.1,1546,1001,12.3,6.2,1300,2.39,14.85,,,,,,7,2.6,12,5.3,11,10.9,10.5,10.4,9.4,8,9.1,12.1,15.9,5.4,7.7,,,
105,강릉,2025-03-25,13.7,7.3,2241,21.6,1736,,,,,,,17.7,270,1755,7.1,270,1759,2.5,2192,70,5.6,38,1740,60.1,9.2,995.7,1003.1,700,989.7,1656,998.9,12.3,8.5,1200,2.51,17.18,,,,,,3.3,.5,12.4,2.4,11.3,11.4,10.9,10.9,10.3,8.6,8.8,11.8,15.4,2.5,3.6,,,
105,강릉,2025-03-26,11.4,6.9,441,16.9,1232,,,,,,,8.8,270,2,5,140,1352,1.9,1684,320,6.6,47,5,73.8,9.8,1002.6,1009.5,914,1001.9,1,1005.8,12.4,10.2,1200,2.78,19.02,,,,,,4,2.3,12.6,-.8,10.8,10.8,10.4,10.7,10.4,9.1,8.7,11.6,15.2,2.5,3.6,,,
105,강릉,2025-03-27,9.1,7.5,551,13.3,1651,,,,,,2.5,8.8,360,1329,4.3,320,2,1.5,1332,20,6.5,65,1656,84.5,9.7,999.3,1008.4,2335,999.6,1524,1002.6,12.4,.2,1400,1.34,6.56,,,,,,8.8,5.5,10.6,6.6,10,10.2,10.1,10.5,10.1,8.6,9.9,12.6,16.2,.9,1.2,,,
105,강릉,2025-03-28,4.8,2.2,2400,8.3,1,,,,,,23.7,5.7,180,1428,4,200,1431,1.7,1438,320,3.3,68,1604,90.5,7.8,1010.6,1018.8,2309,1008.3,1,1014,12.5,2.2,1500,2.14,6.68,,,,,,8.5,4.9,8,-.9,7.8,8.1,8.2,9.2,9.4,8.6,10.4,13,16.5,1.1,1.5,,,
105,강릉,2025-03-29,4.3,1.3,528,10.7,1257,,,,,,0,12.5,320,1336,6.7,290,1345,3.1,2671,250,-8.7,18,1946,41,3.4,1016.6,1024.8,2336,1016.9,1251,1019.9,12.5,10.3,1200,3,20.12,,,,,,.9,.4,5.3,-4.2,5.8,6.2,6.4,7.5,8.4,9.4,9.9,12.1,15.8,3.6,5.1,,,
105,강릉,2025-03-30,4.4,-.5,629,9.5,1511,,,,,,,12.5,270,1421,5.9,250,1435,2.8,2439,250,-10.3,18,950,35.3,3,1023.4,1029.1,932,1024.7,1,1026.9,12.5,10.2,1200,3.13,21.76,,,,,,2.3,.8,4.6,-4.3,5,5.4,5.5,6.6,7.9,9.3,10.1,12.1,15.7,3.4,4.9,,,
105,강릉,2025-03-31,8.7,2.5,621,13.4,1450,,,,,,,6.9,90,1535,3.6,230,417,1.9,1649,250,-2.7,31,1437,45.1,5.1,1021.1,1027,1,1021.7,1644,1024.4,12.6,10.8,1200,2.98,21.49,,,,,,2.9,.9,8.8,-4.4,7.2,7.4,7,7.5,8,9.4,9.9,11.8,15.4,3.8,5.4,,,
106,동해,2025-03-01,9.4,4.1,713,14.2,1349,,,,,,,5.3,230,601,3.5,230,351,1.9,1627,50,-1.3,23,1002,50.3,6.1,1012.5,1019.6,108,1014.3,1636,1017.4,11.4,3.4,1400,1.98,10.36,,,,,,6.9,4,12.2,-.3,,,,,,,,,,2,2.8,,,
106,동해,2025-03-02,6.4,1.1,2355,12,942,,,,,,11.3,13.4,20,1838,8.7,360,1843,4.2,3670,360,1.8,38,23,74.8,7,1016.2,1025.8,1921,1015.2,246,1021.2,11.4,0,1000,.73,2.5,,,,,,9.4,7.9,6,-.1,,,,,,,,,,.8,1.1,,,
106,동해,2025-03-03,1.8,.4,302,3.1,1300,,,,,,13.8,16.1,50,544,11.2,20,544,6.6,5714,20,-3.4,53,1923,70.3,4.8,1023.6,1030.6,1934,1024.1,215,1028.8,11.5,.1,1300,1.06,5.93,,,,,,10,9.4,.1,-.2,,,,,,,,,,1.6,2.2,,,
106,동해,2025-03-04,2.7,1.1,1202,4,2332,,,,,,8.6,12.7,50,1920,7.6,20,639,5.4,4632,50,-.6,55,15,80.1,5.9,1020.7,1030.4,48,1022.9,1904,1025.8,11.5,0,1400,.37,1.96,,,,,,9.8,9.6,1.7,-.1,,,,,,,,,,.6,.8,,,
106,동해,2025-03-05,2.6,1.2,621,4.7,1215,,,,,,6.2,11,50,126,7,20,124,3.3,2812,320,.8,75,1633,88.5,6.5,1018.9,1025.5,2216,1022.1,110,1024,11.5,.2,1200,1.13,6.76,,,,,,9.4,9.3,3.7,-1.3,,,,,,,,,,.8,1.2,,,
106,동해,2025-03-06,2.8,-.5,2315,6.3,1235,,,,,,0,7.7,50,1115,5.4,50,1115,2.4,2059,290,-.2,60,938,81.1,6.1,1021.7,1028.6,2234,1024.6,1,1026.8,11.6,3.8,1200,2.38,11.52,,,,,,6.1,3.8,3.6,-3.6,,,,,,,,,,1.2,1.7,,,
106,동해,2025-03-07,3.5,-1.8,410,8.9,1242,,,,,,,9.1,140,1549,5.2,140,1649,2.5,2175,230,-1.5,47,1024,71.1,5.5,1023.5,1030.8,820,1027.2,1603,1028.6,11.6,8.3,1200,2.75,17.29,,,,,,4.5,2.3,3.8,-4.8,,,,,,,,,,2.1,3,,,
106,동해,2025-03-08,6.7,1.9,6,12.5,1457,,,,,,,8.1,270,1433,4.4,250,1439,2,1694,200,-2.1,30,1606,55.4,5.3,1020.3,1027.7,1,1023,1629,1025.3,11.7,6.3,1300,2.13,13.92,,,,,,5,2.4,7.1,-1.2,,,,,,,,,,2.5,3.5,,,
106,동해,2025-03-09,6.1,1.8,2328,10.9,1312,,,,,,,7.3,50,1103,5.5,20,1107,2.4,2096,200,-2.3,30,948,56.5,5.2,1024.4,1031.2,1046,1026.7,3,1029.5,11.7,10.4,1200,2.84,19.32,,,,,,.3,0,7.4,-1.3,,,,,,,,,,2.8,4,,,
106,동해,2025-03-10,8,1.6,128,13.1,1222,,,,,,,9.8,160,1532,6.4,140,1524,2.6,2233,230,.1,39,939,57.9,6.3,1020,1029.2,1,1021.6,2354,1025,11.7,10.3,1200,2.8,19.2,,,,,,1.5,0,8.3,-1.2,,,,,,,,,,3,4.2,,,
106,동해,2025-03-11,9.3,4.1,642,15.3,1008,,,,,,,8.7,160,1216,5.3,140,1156,2.1,1828,230,-1.4,23,938,48.9,5.7,1014,1021.7,1,1016.4,2330,1019,11.8,10.4,1200,2.92,19.79,,,,,,1.4,.4,9.8,-.6,,,,,,,,,,3.3,4.7,,,
106,동해,2025-03-12,12.6,5.9,324,19.5,1345,,,,,,,12.1,270,1256,6.1,290,1251,2.5,2199,290,-.8,24,1019,40.6,5.8,1008.6,1017.2,2347,1010.2,1612,1013.5,11.8,8.2,1300,2.8,17.19,,,,,,4.6,3.1,11.6,1.1,,,,,,,,,,4.6,6.6,,,
106,동해,2025-03-13,9.8,5,2215,13.9,949,,,,,,,10.8,20,1206,7.9,20,1240,2.8,2432,270,-7.7,12,846,29.5,3.5,1016.3,1024.2,2341,1017.1,1,1021.3,11.9,10,1100,2.64,19.17,,,,,,4.9,1.5,12.2,-.5,,,,,,,,,,3.9,5.5,,,
106,동해,2025-03-14,8.9,4.8,410,12.5,1303,,,,,,,11.8,20,857,8.5,20,904,2.7,2346,230,-.6,31,837,52.4,6,1023.4,1030.5,1044,1024,1,1028.4,11.9,9.9,1200,2.93,20,,,,,,3.5,2.4,12.2,-.7,,,,,,,,,,2.9,4.2,,,
106,동해,2025-03-15,7.5,5,309,11.2,1128,,,,,,0,10.9,160,1213,7.5,140,1212,3.4,2929,140,1.8,47,1238,68.1,7,1020.6,1029,1,1020.8,2400,1025.6,11.9,2.7,1100,2.86,10.01,,,,,,9.6,5.8,8.2,2.8,,,,,,,,,,1.8,2.6,,,
106,동해,2025-03-16,4.7,.9,2353,7,1,,,,,,2.2,13.5,290,1940,6.1,340,1608,3.1,2640,140,1.9,48,1905,83,7.1,1006.6,1020.8,1,1007.3,1512,1011.6,12,0,1000,.89,6.2,,,,,,9.9,6,7.2,-.2,,,,,,,,,,.9,1.3,,,
106,동해,2025-03-17,2.3,0,155,6.7,1626,,,,,,19.9,18,20,403,11.2,360,346,3.3,2847,340,-2.9,31,1727,71.3,5,1010.6,1017.2,1029,1009.7,37,1015.6,12,2.7,1300,2.2,11.87,,,,,,8.1,6.6,.4,-3.1,,,,,,,,,,1.6,2.2,,,
106,동해,2025-03-18,1.4,-.3,2357,4.9,1146,,,,,,9.4,19.8,20,1448,12.8,20,1449,4,3451,20,-2,56,940,78.8,5.3,1010.3,1021.8,2244,1011.3,1250,1015.4,12.1,1.6,1100,1.95,7.73,,,,,,8.8,6.6,.5,-3,,,,,,,,,,1.1,1.5,,,
106,동해,2025-03-19,2.8,-3.6,550,8.8,1543,,,,,,0,9.5,270,2259,4.4,50,1716,2.2,1913,200,-5.3,28,1651,58.6,4.2,1017,1024.4,931,1020,1659,1022.1,12.1,10.5,1200,2.98,21.92,,,,,,1.6,1.3,4,-6.3,,,,,,,,,,3,4.3,,,
106,동해,2025-03-20,10.3,1.1,401,16.3,1524,,,,,,,16,270,2354,8.2,250,2355,2.9,2504,250,-4.3,24,1353,36.8,4.5,1010,1021.1,1,1009.6,2400,1014.9,12.1,10.6,1200,3.01,21.83,,,,,,1.9,.9,7.2,-2.6,,,,,,,,,,5.1,7.3,,,
106,동해,2025-03-21,16.3,8.2,654,22.4,1530,,,,,,,18.6,290,1557,9.2,270,1646,3.9,3344,250,-3,12,1510,28,5,1002.9,1011.3,156,1003.9,1640,1007.7,12.2,10.6,1200,3,21.06,,,,,,0,0,13.6,3.3,,,,,,,,,,8.2,11.8,,,
106,동해,2025-03-22,20.6,15.8,158,26.2,1557,,,,,,,17.5,250,410,10,250,939,5.4,4693,250,-2.9,15,1600,20.8,5,1001.1,1007.5,149,1003.1,1706,1005.8,12.2,10.7,1200,2.98,21.42,,,,,,0,0,19.2,12.9,,,,,,,,,,8.4,12.1,,,
106,동해,2025-03-23,12.4,8.8,2307,19.6,319,,,,,,,14,290,109,8.6,270,109,3,2555,20,6,17,1,70.1,9.6,1005.5,1014.1,1016,1006.5,223,1010.4,12.3,10,1200,2.98,20.98,,,,,,2.8,1.6,18.4,4.9,,,,,,,,,,2.4,3.5,,,
106,동해,2025-03-24,17.8,8.4,441,25.8,1405,,,,,,,16.2,250,1618,6.9,250,1621,2.8,2456,230,2.5,15,1937,43.6,7.5,996.7,1007.8,8,997.6,1613,1001.4,12.3,5.8,1300,2.67,14.25,,,,,,7.4,4.3,16.6,6.3,,,,,,,,,,5.7,8.1,,,
106,동해,2025-03-25,13.9,7.8,2347,25.4,1639,,,,,,,20.4,230,1722,11.5,360,2130,3.9,3338,360,5.9,19,1947,62,9.4,993.7,1003,645,989.2,1626,998.5,12.3,9.3,1100,2.69,18.78,,,,,,3,2.8,17.2,3.9,,,,,,,,,,3.7,5.2,,,
106,동해,2025-03-26,10.8,6.3,631,14,1734,,,,,,,12.8,140,1416,8.9,140,1352,2.9,2524,110,7.6,49,122,81.5,10.5,1001.2,1010.2,942,1001.7,1,1006,12.4,10.6,1200,2.95,20.9,,,,,,1.9,.9,14.7,.7,,,,,,,,,,2.4,3.4,,,
106,동해,2025-03-27,9,7.6,431,12.6,1731,,,,,,1.4,10.1,20,1405,6.7,360,1405,3.4,2925,360,6.8,72,1738,86.6,9.9,997.7,1008.1,2348,999.6,1626,1002.5,12.4,.6,1000,1.06,5.61,,,,,,9.1,6,10.1,7.4,,,,,,,,,,.8,1.2,,,
106,동해,2025-03-28,4.8,2.4,2244,8.4,1,,,,,,13.9,8.4,20,850,5.4,20,836,2.5,2182,20,3.3,67,1706,90.5,7.8,1008.9,1018.6,2310,1008.1,1,1013.9,12.5,2.2,1500,1.58,5.62,,,,,,8.8,6.3,6.7,-2.2,,,,,,,,,,.9,1.3,,,
106,동해,2025-03-29,4.6,.2,443,11.7,1248,,,,,,0,14.9,290,2340,8.1,290,1624,3.4,2926,230,-8.8,18,1234,42.5,3.5,1014.9,1024.7,2359,1016.7,1559,1020,12.5,8.8,1200,3.25,21.45,,,,,,1.6,1,7.1,-3.7,,,,,,,,,,4.2,6,,,
106,동해,2025-03-30,3.5,-.8,513,7.3,1745,,,,,,,15.9,290,59,6.8,270,47,3.2,2775,270,-11.5,15,852,33.9,2.7,1021.9,1029.4,903,1024.4,39,1027,12.5,10.2,1200,3.24,23.32,,,,,,1.4,.4,6.8,-4.5,,,,,,,,,,3.4,4.8,,,
106,동해,2025-03-31,6.5,-.2,632,10.6,1412,,,,,,,10.1,140,1541,6.1,140,1425,2.4,2088,230,-2.6,38,1051,52.6,5.2,1019.9,1027.4,107,1022.6,1704,1025,12.6,9.5,1200,3.23,21.73,,,,,,3.6,1.6,9.5,-4.5,,,,,,,,,,3.1,4.4,,,
114,원주,2025-03-01,6.6,-.5,532,13.8,1448,,,,,,0,3.7,320,1722,1.7,200,1628,.3,290,290,.4,38,1410,66.5,6.4,1000.6,1022.9,221,1014.4,1630,1019,11.4,2.1,1200,2.55,9.29,,,,,,7.4,2.6,3.2,-8.1,,,,,,,,,,1.2,1.8,,,
114,원주,2025-03-02,7,2.7,2359,13.6,1329,,,,,,9.9,9.9,20,1922,4.7,20,1925,1.2,1002,360,2.6,40,1334,75,7.4,999.1,1019.5,2357,1014.3,1355,1017.5,11.4,.4,1100,.97,4.23,,,,,,9.6,7.4,4.7,0,,,,,,,,,,.9,1.3,,,
114,원주,2025-03-03,2.8,1.2,636,5.5,1259,,,,,,8.6,9.6,90,1753,4.4,70,1743,2,1710,70,-3.6,46,2147,63.8,4.7,1004.7,1026.5,2335,1018.4,156,1023.5,11.5,0,1200,1.87,9.14,,,,,,9.5,5.8,1.7,-3.6,,,,,,,,,,1.5,2.1,,,
114,원주,2025-03-04,2.2,1,1031,3.3,714,,,,,,4.6,7.8,360,824,3.4,20,418,1.5,1254,20,-2,49,112,75.4,5.4,1003.8,1026.8,12,1019.4,1847,1022.6,11.5,1.2,1600,.76,3.75,,,,,,9.3,4.1,-.3,-3.5,,,,,,,,,,.5,.7,,,
114,원주,2025-03-05,4.5,1.2,38,8.2,1533,,,,,,0,3.3,270,1608,1.6,230,1632,.4,355,230,-.4,49,1545,72,6,1004.1,1024.4,1109,1020.6,1533,1022.7,11.5,.6,1300,1.61,9.76,,,,,,9.3,7.9,3.3,-2.9,,,,,,,,,,1.1,1.6,,,
114,원주,2025-03-06,4.7,-.2,659,9.1,1543,,,,,,0,5.9,290,1301,3,320,1308,.6,544,200,-1.7,37,1818,65.9,5.4,1007.2,1028.5,2332,1024,1,1025.9,11.6,7,1000,2.25,12.94,,,,,,5.1,2.8,2.7,-7.8,,,,,,,,,,1.6,2.2,,,
114,원주,2025-03-07,4.9,-1.1,652,10.7,1507,,,,,,,4.6,250,1358,2.3,270,1402,.6,547,290,-3.4,29,1627,58.5,4.8,1009.2,1030.9,813,1025.4,1711,1027.9,11.6,9.5,1100,2.53,16.91,,,,,,4.9,1.1,4.4,-9.3,,,,,,,,,,2.2,3.1,,,
114,원주,2025-03-08,6.7,2.7,2350,11.1,1458,,,,,,,8.3,230,1510,4.5,230,1515,1.7,1468,230,-3.8,27,1629,49.3,4.7,1007.6,1029.2,2359,1024.1,1534,1026.2,11.7,7.2,1400,2.42,14.63,,,,,,4.8,2.4,6,-6.1,,,,,,,,,,2.2,3.1,,,
114,원주,2025-03-09,5.7,-.9,633,13.2,1510,,,,,,,4,250,1559,2,230,1603,.7,578,200,-3.2,25,1325,56.3,4.9,1011.5,1033,950,1027.7,1757,1030.2,11.7,10.5,1200,2.88,19.2,,,,,,.5,0,5.2,-9.3,,,,,,,,,,2.6,3.8,,,
114,원주,2025-03-10,7.3,.1,608,14.8,1519,,,,,,,6.5,250,1554,3.1,270,1409,.8,706,270,-2.8,25,1458,53.6,5,1008,1030.3,819,1022.9,1749,1026.5,11.7,10.5,1300,2.74,18.6,,,,,,.8,0,5.6,-8.4,,,,,,,,,,2.8,4,,,
114,원주,2025-03-11,8.2,.7,638,16.3,1559,,,,,,,4.5,290,1415,2.4,290,1421,.7,563,290,-4.1,19,1539,47.3,4.6,1002.7,1024.6,557,1017,1646,1021.1,11.8,10.4,1200,2.92,19.86,,,,,,3.1,1,6.4,-7.9,,,,,,,,,,3.2,4.6,,,
114,원주,2025-03-12,8.8,4,643,14.5,1519,,,,,,,7.3,250,1701,3.9,250,1849,1.2,1005,250,1.5,39,1305,61.8,7,998.7,1020.1,2353,1014,1514,1016.9,11.8,2,1300,1.54,9.88,,,,,,7.6,5.6,7.6,-4.1,,,,,,,,,,1.6,2.3,,,
114,원주,2025-03-13,8.5,2.7,537,15.9,1640,,,,,,,4.2,180,1622,2.2,200,1655,.6,532,200,-1.9,19,1750,56,5.5,1004.4,1025.9,2342,1019.9,1,1022.8,11.8,7.9,1200,2.63,17.07,,,,,,5.6,1.3,7.8,-5.5,,,,,,,,,,2.8,4,,,
114,원주,2025-03-14,11.2,2.1,654,19.3,1449,,,,,,,5.7,140,2354,2.7,160,2129,.8,704,20,-4.9,15,1641,37.1,4.3,1007.3,1028.2,813,1023,1716,1025.5,11.9,10.1,1200,2.86,19.66,,,,,,3.8,1.1,9.1,-6.8,,,,,,,,,,4,5.6,,,
114,원주,2025-03-15,10.9,8.2,2350,15.4,1519,,,,,,,7.2,160,1721,3.7,140,1708,1.9,1634,160,-3.3,24,1245,38,4.9,1004.1,1025.6,851,1019.4,1732,1022.3,11.9,6.6,1200,2.83,17.33,,,,,,7.9,3.9,10.3,4.3,,,,,,,,,,3.2,4.6,,,
114,원주,2025-03-16,4.7,1.8,2257,8.4,13,,,,,,6.6,8,230,1906,4.7,230,1850,1.8,1521,230,-1.9,38,2107,64.8,5.6,995.1,1019.5,1,1010.6,1637,1013.6,12,1,1500,1.28,4.8,,,,,,9.4,6.6,5.2,.1,,,,,,,,,,1.1,1.6,,,
114,원주,2025-03-17,3.4,.4,458,7.2,1618,,,,,,,8,290,1323,3.9,290,1331,1.7,1468,230,-10.7,20,1438,36.6,2.8,998.2,1019.1,1009,1014.2,1,1016.8,12,6.7,1200,2.37,16.48,,,,,,8.4,5.4,5.2,-6.6,,,,,,,,,,2.4,3.4,,,
114,원주,2025-03-18,2.3,0,312,5.8,1146,,,,,,.3,7.3,200,139,4.3,180,141,1.5,1327,360,-2.7,31,113,70.5,5,997,1022.7,2353,1012.2,654,1015.6,12.1,2.8,1100,1.77,9.54,,,,,,8.1,6.4,3.6,-6.5,,,,,,,,,,1.1,1.6,,,
114,원주,2025-03-19,2.8,-1.5,545,7.6,1444,,,,,,,7.9,200,1529,3.8,230,1558,1.4,1175,250,-8.4,21,1422,48.4,3.4,1005.2,1025.5,903,1022.2,1613,1024,12.1,10.5,1200,2.95,21.53,,,,,,1.3,1,4.3,-10,,,,,,,,,,2.8,4,,,
114,원주,2025-03-20,7.7,.5,59,15.4,1622,,,,,,,7.7,250,1806,3.5,230,1533,1.3,1091,230,-2,30,1612,51.8,5.4,1000.7,1024.9,1,1014.3,1902,1019.1,12.1,6.2,1200,2.98,16.21,,,,,,4.3,4.3,7.4,-8.2,,,,,,,,,,2.7,3.9,,,
114,원주,2025-03-21,13.2,7.1,658,20,1545,,,,,,,7.6,200,1807,4.3,290,1428,1.8,1523,230,.8,21,1631,45.6,6.5,994.4,1015.8,133,1007.8,1631,1012.3,12.2,9.4,1200,2.91,19.69,,,,,,1.9,1.9,11.3,2,,,,,,,,,,3.9,5.5,,,
114,원주,2025-03-22,14.4,5.1,652,22.7,1459,,,,,,,9.2,290,1519,4.8,230,1636,1.3,1128,250,-.6,18,1628,39.3,5.9,992.4,1012.6,1,1007,1529,1010.2,12.2,11,1200,2.93,20.57,,,,,,0,0,11.6,-3.1,,,,,,,,,,4.4,6.3,,,
114,원주,2025-03-23,15.6,5.7,637,24.4,1532,,,,,,,5.5,230,1615,3.1,230,1617,.8,677,270,.1,16,1527,38.6,6.2,992.5,1013.8,808,1007.3,1740,1010.2,12.3,10,1200,2.97,20.51,,,,,,3,.5,13,-3.1,,,,,,,,,,3.8,5.4,,,
114,원주,2025-03-24,16.7,10.4,618,23.2,1414,,,,,,0,9.6,290,1334,4.8,290,1339,1.4,1192,230,3.8,23,1602,44.6,8.1,986,1008.3,1,999.6,1614,1003.4,12.3,8,1200,2.83,17.9,,,,,,4.1,.5,13.9,3.3,,,,,,,,,,3.8,5.4,,,
114,원주,2025-03-25,14.5,9.2,634,23.7,1517,,,,,,,12.2,230,1357,5.4,270,1644,1.7,1447,230,3,20,1409,50,7.7,983.5,1005.6,2356,992.4,1544,1001.1,12.3,7.1,1200,2.45,16.2,,,,,,3.4,0,12.8,1.2,,,,,,,,,,3.6,5.1,,,
114,원주,2025-03-26,16.1,5.4,640,25.3,1519,,,,,,,5.6,200,1609,3.2,200,1611,.9,799,320,-1,11,1501,37.6,5.8,986.9,1010.1,817,999.6,2157,1004.4,12.4,10.4,1200,3.03,21.07,,,,,,3.5,0,13.7,-3,,,,,,,,,,3.9,5.6,,,
114,원주,2025-03-27,15.7,10.7,2357,19.8,510,,,,,,0,5.7,230,1800,3.2,250,2216,1.2,1010,200,8.1,33,108,63,11.4,984,1007.3,2356,997.8,651,1001.5,12.4,.3,1500,1.27,4.4,,,,,,8.5,4.3,13,7.7,,,,,,,,,,1.3,1.8,,,
114,원주,2025-03-28,7.8,5.3,2400,11.8,1608,,,,,,0,8.4,290,1726,4.1,290,1733,1.7,1501,200,-6,9,1834,43.3,4.5,995.6,1020,2349,1007.1,6,1013.9,12.5,4,1400,2.41,12.9,,,,,,7.8,2.5,10.4,-2.2,,,,,,,,,,2.3,3.3,,,
114,원주,2025-03-29,3.3,.5,549,7.8,1110,,,,,,1.2,11,290,1725,4.7,270,1732,1.9,1630,270,-10,11,1836,42,3.3,1003.7,1027.5,2339,1019.4,1555,1022.4,12.5,7,1000,2.64,14.39,,,,,,2.4,1.9,5,-10.3,,,,,,,,,,2.3,3.3,,,
114,원주,2025-03-30,3.4,-2.4,631,8.1,1448,,,,,,0,10.1,270,1500,4.3,270,1422,1.3,1127,230,-8.9,17,944,41.3,3.3,1009.8,1030.7,957,1026.4,1839,1028.6,12.5,9.3,1100,3.17,20.21,,,,,,3.1,1.9,5,-11.2,,,,,,,,,,2.5,3.5,,,
114,원주,2025-03-31,7.4,1.4,559,13.8,1420,,,,,,0,8.3,320,1442,3.9,320,1305,1.3,1110,20,-3.9,23,1441,46.5,4.6,1007.1,1028.6,4,1021.9,1551,1025.5,12.6,7,1200,3.2,16.12,,,,,,5.4,2.9,,,,,,,,,,,,2.5,3.6,,,
121,영월,2025-03-01,5,-3.5,608,14,1536,,,,,,.1,3.2,200,1653,1.8,180,1657,.5,436,110,-1.4,28,1343,67.6,5.6,990.4,1024.1,236,1015.2,1705,1020,11.4,3.6,,,,,,,,,8,5.1,5.6,-9.8,,,,,,,,,,,,,,
121,영월,2025-03-02,5.8,.4,2236,12.6,1149,,,,,,6,12.1,70,1837,5.5,70,1430,1.8,1562,50,.4,34,1218,70.4,6.4,989.2,1020.9,2212,1016.3,1221,1018.6,11.4,0,,,,,,,,,9.6,7.8,6,-.4,,,,,,,,,,,,,,
121,영월,2025-03-03,.8,-1.2,240,3.4,1410,,,,,,28.8,15,110,909,8.2,90,911,3.5,3010,90,-5.3,50,1409,64.8,4.2,994.8,1027.5,2341,1020.1,147,1024.9,11.5,.2,,,,,,,,,9.8,7.8,.8,-2.7,,,,,,,,,,,,,,
121,영월,2025-03-04,1.5,-.1,1058,2.9,2012,,,,,,6,15.2,110,1828,6.3,90,1903,2.6,2235,70,-2.9,56,114,73.3,5,992.9,1027.9,33,1019.8,1850,1022.9,11.5,.6,,,,,,,,,9.6,7.9,.5,-2.1,,,,,,,,,,,,,,
121,영월,2025-03-05,3.8,1.9,2343,7.6,1322,,,,,,0,7.7,160,459,3.8,90,507,1.2,1004,70,-2.6,46,1331,63.9,5.1,992.9,1024.9,2238,1020.5,45,1022.6,11.5,.1,,,,,,,,,9.8,7.1,.8,-.6,,,,,,,,,,,,,,
121,영월,2025-03-06,2.4,-2.1,615,7.2,1202,,,,,,0,5.5,270,1338,3,90,1940,.9,773,70,-2.5,38,1204,72.5,5.1,996.4,1029.5,2355,1024.3,1,1026.4,11.6,8.4,,,,,,,,,3.6,2.5,1.5,-5.5,,,,,,,,,,,,,,
121,영월,2025-03-07,2.9,-3.3,632,9.7,1305,,,,,,,3.5,70,905,2.6,90,914,.7,605,90,-3.4,34,1454,67.1,4.8,998.5,1031.8,754,1026,1539,1028.5,11.6,8.4,,,,,,,,,4.6,2.6,4.2,-6.3,,,,,,,,,,,,,,
121,영월,2025-03-08,3.7,-.8,2358,9.6,1319,,,,,,0,7.7,290,1503,4.4,290,1510,1.1,973,250,-2.9,37,1646,64,4.9,996.9,1029.6,2358,1023.9,1633,1026.7,11.7,5.1,,,,,,,,,5.5,4,5,-4.8,,,,,,,,,,,,,,
121,영월,2025-03-09,3.7,-3.8,620,12.9,1528,,,,,,,4.3,270,1553,2.9,270,1559,.6,528,270,-4.6,21,1636,60.8,4.4,1000.6,1033.3,908,1027.7,1711,1030.6,11.7,10.6,,,,,,,,,.6,.6,5.1,-7.2,,,,,,,,,,,,,,
121,영월,2025-03-10,4.9,-3,632,13.5,1519,,,,,,,6.5,270,1431,3.5,230,1513,.9,761,230,-3.8,20,1506,59.4,4.6,997.4,1031.5,108,1022.7,1826,1027.1,11.7,10.5,,,,,,,,,2.4,1.9,5,-6.3,,,,,,,,,,,,,,
121,영월,2025-03-11,6.3,-2.9,640,17.3,1416,,,,,,,3.7,250,1216,2.3,270,1528,.6,518,50,-4.6,17,1417,54.4,4.4,992,1025.7,652,1016.3,1700,1021.4,11.8,10.5,,,,,,,,,2.3,1.4,6.9,-6.7,,,,,,,,,,,,,,
121,영월,2025-03-12,7.6,-.1,645,14.8,1308,,,,,,,9.1,250,1645,5.2,270,2030,1.6,1343,270,-.1,33,1309,60.3,6.1,987.5,1019.8,11,1013.1,1612,1016.7,11.8,5.7,,,,,,,,,6.3,6.1,8.3,-3.1,,,,,,,,,,,,,,
121,영월,2025-03-13,7.4,.1,703,16.1,1546,,,,,,,5.7,230,1208,3.5,230,1413,.9,754,250,-4.9,14,1308,50.9,4.5,993.2,1026.3,2350,1019.7,4,1022.5,11.8,9.8,,,,,,,,,5.3,5.3,9.8,-3.6,,,,,,,,,,,,,,
121,영월,2025-03-14,8.6,-1,657,18.8,1439,,,,,,,6.6,50,1719,4.4,90,1845,1.5,1302,90,-4.9,13,1245,45.8,4.4,997.1,1029.5,731,1023.1,1606,1026.4,11.9,10.5,,,,,,,,,3.3,2.4,11.5,-5.7,,,,,,,,,,,,,,
121,영월,2025-03-15,7.9,4.3,2358,14.3,1131,,,,,,,8.9,140,1050,6,90,1457,3.2,2730,90,-2.7,25,1117,49.1,5.1,994.4,1027.3,904,1019.9,2400,1023.7,11.9,6.4,,,,,,,,,8.3,5,12.2,1.7,,,,,,,,,,,,,,
121,영월,2025-03-16,2.5,-1.1,2316,4.7,8,,,,,,3.8,8.9,270,1944,4.3,270,1953,1.4,1219,270,-1.6,47,2044,75.4,5.6,983.7,1020,1,1010.1,1409,1013.3,12,0,,,,,,,,,9.6,8.1,5.1,-1.9,,,,,,,,,,,,,,
121,영월,2025-03-17,1.4,-2.6,646,5.3,1422,,,,,,0,8.6,250,1436,4.3,250,1442,1.6,1378,270,-9.6,21,1509,47.3,3,986.9,1018.8,1028,1013.3,1,1016.7,12,5.4,1500,1.16,5.71,,,,,,6,4.9,4.8,-6.7,,,,,,,,,,.9,1.2,,,
121,영월,2025-03-18,.2,-2.6,657,5.4,1314,,,,,,2.5,7.4,320,1323,3,270,1330,.9,754,290,-2.6,54,1,82,5.1,985.8,1022.8,2358,1011.3,1313,1015.8,12.1,3.5,,,,,,,,,6.9,5.6,2.1,-6.6,,,,,,,,,,,,,,
121,영월,2025-03-19,.5,-4,543,5.9,1314,,,,,,,8.4,270,1528,4.5,250,1716,1.5,1288,250,-8.3,27,1440,57.4,3.4,993.9,1026.1,854,1021.9,1630,1024.1,12.1,8.8,,,,,,,,,3.6,3.1,3.9,-7,,,,,,,,,,,,,,
121,영월,2025-03-20,5.6,-3.5,647,13.2,1628,,,,,,,7.7,270,1422,3.9,290,1538,1.1,969,270,-4.1,28,1800,52.8,4.6,989.9,1025,5,1014.2,1730,1019.3,12.1,6.3,,,,,,,,,2.1,2.1,6.4,-7.3,,,,,,,,,,,,,,
121,영월,2025-03-21,12.2,5.7,708,19.2,1506,,,,,,,10.2,290,1715,5,270,1654,1.8,1565,250,-1.3,17,1648,43.9,5.7,983.4,1016.1,145,1007.1,1703,1011.9,12.2,9.5,,,,,,,,,2.9,2.9,12.9,1.7,,,,,,,,,,,,,,
121,영월,2025-03-22,13.1,2.8,627,21.6,1528,,,,,,,13.1,270,1543,6.3,270,1544,1.5,1332,270,-2.8,15,1638,36.8,5,981.8,1013.3,659,1006.4,1521,1010.2,12.2,11.2,,,,,,,,,0,0,13,-2.6,,,,,,,,,,,,,,
121,영월,2025-03-23,13.3,2.6,621,23.8,1314,,,,,,,7.1,290,1655,3.4,270,1623,.8,713,20,-1.8,13,1347,40.3,5.4,982.3,1014.6,825,1007.2,1655,1010.7,12.3,10.3,,,,,,,,,3,2.1,14.8,-2.8,,,,,,,,,,,,,,
121,영월,2025-03-24,14.6,6.8,647,21.6,1412,,,,,,,11.8,250,1527,5.6,270,1427,1.7,1461,270,2,19,1752,46.8,7.2,975.7,1009.2,1,999.2,1633,1003.7,12.3,8.3,,,,,,,,,3.6,3.4,15.6,2.9,,,,,,,,,,,,,,
121,영월,2025-03-25,14,6.3,619,23.6,1512,,,,,,,16.3,250,1636,7.5,270,1752,2.1,1843,270,1.9,15,1413,50.4,7.2,972.8,1005.1,2344,991.6,1609,1000.8,12.3,7,,,,,,,,,2.1,1.4,15.1,1,,,,,,,,,,,,,,
121,영월,2025-03-26,14.6,2.9,611,26.6,1453,,,,,,,8,180,1602,5,180,1610,1.2,1064,110,-2.8,8,1439,36.8,5.1,976.4,1010.8,754,999,1735,1004.5,12.4,,,,,,,,,,.8,0,15.9,-2.6,,,,,,,,,,3.2,4.6,,,
121,영월,2025-03-27,12.8,8.5,349,18.5,1615,,,,,,.4,5.5,250,1852,3.5,230,1725,.9,801,250,6.8,48,1,67.4,10.3,971.9,1005.5,2357,997,1638,1000,12.4,0,1500,.9,3.45,,,,,,9.3,6.8,12.2,5.6,,,,,,,,,,1,1.4,,,
121,영월,2025-03-28,5.4,-.5,2345,10.8,1,,,,,,.3,7.7,320,1333,5,320,1341,1.7,1451,270,-.6,39,1734,65.9,5.9,983,1019.1,2356,1004.9,7,1012.3,12.5,1.6,1400,2.24,6.14,,,,,,8.5,6.8,9.4,-4.7,,,,,,,,,,1.1,1.6,,,
121,영월,2025-03-29,1.2,-4.7,625,8.4,1158,,,,,,1.2,14.1,290,1836,7.1,290,1844,2.4,2037,270,-9.5,18,1121,51.5,3.3,991,1025.7,2338,1017.6,1659,1020.9,12.5,7.3,1100,3.09,17.12,,,,,,2.5,1.5,3.9,-7.8,,,,,,,,,,2.6,3.7,,,
121,영월,2025-03-30,1,-6.1,627,7.3,1308,,,,,,0,12.7,270,1556,6.3,270,1147,2.2,1889,270,-10.7,17,1134,44.4,2.9,997,1029.5,812,1024.6,1529,1027.2,12.5,8.4,1100,3.24,20.42,,,,,,2.5,2.1,3.3,-9.6,,,,,,,,,,2.5,3.6,,,
121,영월,2025-03-31,5.1,-3,334,14.5,1442,,,,,,,10.7,200,1418,4,270,1609,1.3,1133,270,-5,22,1608,51.8,4.2,995.1,1028.1,1,1020.3,1606,1024.7,12.6,8.9,1200,3.18,21.57,,,,,,3.9,2.6,8.6,-6,,,,,,,,,,3,4.3,,,
211,인제,2025-03-01,2.4,-4.6,638,13.8,1619,,,,,,,4.6,180,1551,2.7,200,1654,.6,500,180,-2.9,31,1611,71.8,4.9,995,1024.3,254,1014.8,1551,1020.1,11.4,2.8,,,,,,,,,4.9,1.4,1.3,-8.4,,,,,,,,,,,,,,
211,인제,2025-03-02,1.7,-1.8,228,8.7,1053,,,,,,6.9,14.8,20,1642,6.5,50,1118,3,2601,20,-1.7,49,1040,78.8,5.5,996.3,1024.3,1842,1019,48,1021.5,11.4,1.1,,,,,,,,,9.6,5.6,.6,-5.4,,,,,,,,,,,,,,
211,인제,2025-03-03,-.8,-2.2,2041,.7,1418,,,,,,6.3,12.2,20,716,5.9,20,1341,3.8,3311,20,-5.7,57,1429,69.9,4.1,1001.8,1029.6,1206,1022.6,302,1027.3,11.4,.1,,,,,,,,,10,6.3,.1,-2.1,,,,,,,,,,,,,,
211,인제,2025-03-04,0,-1.4,1,1.2,959,,,,,,4.4,12,360,712,5.6,20,949,3.4,2978,20,-3.4,58,959,78.4,4.8,999.8,1029.2,105,1022.1,1848,1025.3,11.5,0,,,,,,,,,10,8.1,.1,-2.2,,,,,,,,,,,,,,
211,인제,2025-03-05,1.5,-2,2400,6.2,1502,,,,,,,6.6,50,543,3.4,70,1249,2,1769,50,-2.4,56,1400,75.6,5.1,998.9,1026.1,2235,1021.6,1528,1024.2,11.5,2.9,,,,,,,,,7.9,6.9,0,-5,,,,,,,,,,,,,,
211,인제,2025-03-06,.7,-5.1,737,7,1627,,,,,,,5.6,20,1641,3.2,20,1644,1.1,957,20,-4.2,41,1253,72.8,4.5,1001.4,1029.5,2338,1024.4,1509,1026.8,11.6,6.3,,,,,,,,,3.4,2.3,-.1,-7.1,,,,,,,,,,,,,,
211,인제,2025-03-07,1.9,-4.1,624,8.6,1517,,,,,,,5.6,90,1751,3.1,90,1742,1.1,968,360,-3.6,29,1326,69.9,4.7,1003.2,1031.9,820,1025.6,1615,1028.6,11.6,8.8,,,,,,,,,5.3,.1,2,-6.6,,,,,,,,,,,,,,
211,인제,2025-03-08,2.9,-1.9,2338,9.6,1501,,,,,,,7.7,180,1636,3.9,180,1705,1.1,980,180,-5.1,19,1436,62.6,4.3,1001.1,1029.3,2357,1023.2,1533,1026.3,11.6,6.9,,,,,,,,,4.6,1.4,2.9,-5.5,,,,,,,,,,,,,,
211,인제,2025-03-09,2.2,-4.9,648,12.7,1536,,,,,,,6.1,230,1557,3.1,200,1350,.7,600,200,-4.2,26,1525,66.8,4.5,1005.4,1033.6,806,1027.6,1644,1030.7,11.7,8.9,,,,,,,,,0,0,3.4,-8.4,,,,,,,,,,,,,,
211,인제,2025-03-10,3.8,-4.3,639,13.3,1528,,,,,,,9.8,180,1442,3.3,230,1550,.9,746,180,-3.8,25,1530,63.8,4.6,1001.6,1031.6,130,1022.1,1825,1026.8,11.7,9,,,,,,,,,0,0,3.6,-8.1,,,,,,,,,,,,,,
211,인제,2025-03-11,4.9,-3.5,621,15.6,1558,,,,,,,6.4,180,1424,3.4,200,1253,.8,692,200,-3.6,20,1437,61.8,4.8,996.4,1025.7,618,1016.4,1643,1021.3,11.8,8.7,,,,,,,,,2.3,0,4.3,-7.6,,,,,,,,,,,,,,
211,인제,2025-03-12,7,-.1,615,14,1328,,,,,,,12.8,200,1257,6,180,1354,2.2,1943,200,.6,39,1224,65.8,6.4,991.3,1019.2,2358,1011.8,1509,1015.9,11.8,5.9,,,,,,,,,3.5,.8,5.3,-3.1,,,,,,,,,,,,,,
211,인제,2025-03-13,5.6,-.7,624,15.7,1602,,,,,,,7.8,200,1123,3.6,200,1130,.8,715,230,-4.3,15,1551,58,4.6,997.9,1026.8,2356,1019.1,1,1022.7,11.8,8.8,,,,,,,,,5.3,.1,4.9,-4.6,,,,,,,,,,,,,,
211,인제,2025-03-14,6.2,-2.2,646,15.7,1457,,,,,,,6.3,70,1807,3.3,90,1816,1.4,1191,70,-3.4,22,1219,55,4.8,1002.9,1030.6,833,1024.8,1541,1027.7,11.9,8.9,,,,,,,,,2.6,0,5.8,-5.6,,,,,,,,,,,,,,
211,인제,2025-03-15,7.3,3.4,334,12.6,1320,,,,,,,10.2,20,706,5.1,20,812,2.3,2006,20,-1.3,36,1235,55.4,5.6,999.2,1028.1,1,1020.2,2355,1024,11.9,6.3,,,,,,,,,8.6,4.3,8,2.7,,,,,,,,,,,,,,
211,인제,2025-03-16,2.1,-.8,2346,5,1,,,,,,8.3,6.4,200,1842,3,200,2044,1.2,1062,200,-.5,66,1815,83.8,6,988.3,1020.2,1,1009.7,1525,1013.3,12,0,,,,,,,,,9.9,8.8,4.3,-.9,,,,,,,,,,,,,,
211,인제,2025-03-17,.9,-1.6,519,4.8,1640,,,,,,3.1,8.8,180,1414,3.9,200,1138,1.2,1058,200,-5.2,27,1703,68.1,4.3,991.2,1018.2,1001,1013.4,1,1016.4,12,3.1,,,,,,,,,8.4,4.5,3.2,-1.7,,,,,,,,,,,,,,
211,인제,2025-03-18,-1.2,-4.9,2220,2.8,1101,,,,,,9.6,6.4,360,1330,3,70,1131,1.2,1068,20,-3.2,61,1111,86.6,4.9,991.5,1024,2349,1013.3,805,1016.8,12.1,.8,,,,,,,,,7.6,5.4,1.2,-2.6,,,,,,,,,,,,,,
211,인제,2025-03-19,-1,-6.3,613,5.1,1553,,,,,,,10.7,230,1431,4.9,180,1604,1.6,1382,50,-8,28,1648,63.8,3.4,998.4,1026,835,1021.1,1543,1023.9,12.1,8.3,,,,,,,,,3.4,2.9,3,-6.1,,,,,,,,,,,,,,
211,인제,2025-03-20,5,-4.3,338,11.8,1632,,,,,,,14.6,200,1519,5.6,200,1520,1.9,1644,180,-2.5,37,1856,60.8,5.1,993.4,1024.6,1,1012.3,1858,1018.2,12.1,5.3,,,,,,,,,3,3,3.9,-8.2,,,,,,,,,,,,,,
211,인제,2025-03-21,11.1,5.4,609,18,1625,,,,,,,11.5,180,1834,5.9,180,1500,3.4,2942,180,.6,28,1806,52,6.4,986.7,1014.4,152,1005.8,1626,1010.7,12.2,8.4,,,,,,,,,1.6,.9,9.1,1.1,,,,,,,,,,,,,,
211,인제,2025-03-22,12.2,2.1,645,21.2,1601,,,,,,,14.5,180,1611,6.2,180,1612,2.3,1969,180,-.3,22,1634,46.9,6,985,1011.8,657,1004.1,1610,1008.9,12.2,9.6,,,,,,,,,0,0,10.8,-1.9,,,,,,,,,,,,,,
211,인제,2025-03-23,11.9,1.4,631,23,1500,,,,,,,7.7,180,1316,3.5,180,1332,.9,768,180,.5,20,1519,52.3,6.4,986.2,1014.4,710,1006.5,1613,1010.1,12.3,9.3,,,,,,,,,2.6,0,11.8,-2.4,,,,,,,,,,,,,,
211,인제,2025-03-24,13.7,5.3,531,21.6,1439,,,,,,,14.2,160,1708,6,200,1718,2.3,1954,200,2.4,24,1513,51.3,7.3,979,1008.6,3,997.7,1618,1002.6,12.3,7.7,,,,,,,,,4.5,0,12.8,2.3,,,,,,,,,,,,,,
211,인제,2025-03-25,12.9,7.1,630,20.9,1558,,,,,,,16.8,140,1743,7.4,180,1541,2.9,2547,180,3,31,1429,54.4,7.6,976,1004,2353,989.5,1604,999.6,12.3,4.5,,,,,,,,,3.3,.9,12.2,4.7,,,,,,,,,,,,,,
211,인제,2025-03-26,10.5,2.4,632,22.9,1559,,,,,,,9,160,26,5.1,70,2109,2,1707,70,1.4,12,1513,61.1,7,981.6,1010.6,735,1000.9,1634,1005.6,12.4,9.3,,,,,,,,,4.1,0,12.7,-1.5,,,,,,,,,,,,,,
211,인제,2025-03-27,12,6.7,134,18.8,1557,,,,,,.5,7.1,70,9,3.9,70,17,1.2,1066,200,5.1,30,1651,66.5,9,977.6,1007.3,2323,998.1,1542,1001.3,12.4,2.1,,,,,,,,,8.8,6.8,12.4,5.2,,,,,,,,,,,,,,
211,인제,2025-03-28,4.5,-.2,2357,9.8,1656,,,,,,6.4,8.6,230,1743,3.8,50,442,1.5,1327,50,-2.3,15,1715,67.5,5.6,989,1020.2,2332,1007,11,1013.8,12.5,3,,,,,,,,,6.8,4.6,6.9,-3.9,,,,,,,,,,,,,,
211,인제,2025-03-29,.7,-4,623,5.9,1130,,,,,,1.5,13.6,180,1217,6,200,1226,1.8,1517,200,-10.8,16,1825,47.6,2.9,996.2,1026.2,2345,1017.8,1640,1021.4,12.5,5.2,,,,,,,,,2.1,2,1.8,-8.1,,,,,,,,,,,,,,
211,인제,2025-03-30,.2,-6.2,606,5.3,1449,,,,,,0,13,200,1515,6.7,200,1331,1.9,1635,200,-8.6,23,1026,54.1,3.3,1002.3,1030.2,707,1025.4,1734,1027.8,12.5,6.2,,,,,,,,,3.3,3,2.1,-10.2,,,,,,,,,,,,,,
211,인제,2025-03-31,4.1,-4.4,624,12.1,1610,,,,,,,10,250,1317,4.5,200,1405,1.3,1098,200,-4.6,27,1332,57.5,4.4,1000.7,1029.3,624,1021.3,1641,1025.7,12.6,9.8,,,,,,,,,2.3,0,5,-9.1,,,,,,,,,,,,,,
212,홍천,2025-03-01,3.3,-3.3,636,12.4,1625,,,,,,.1,3.5,320,1620,1.9,320,1628,.3,252,160,-.9,42,1401,75.5,5.8,1002.7,1024.3,252,1014.8,1552,1020.2,11.4,1.6,,,,,,,,,8.8,3.9,1.2,-7.8,,,,,,,,,,,,,,
212,홍천,2025-03-02,3.8,.6,2400,12.1,1237,,,,,,10.5,10.3,20,1432,4.7,50,1432,1.2,1015,70,.3,42,1233,79.1,6.3,1002.1,1022.1,1856,1016.7,1257,1019.5,11.4,.1,,,,,,,,,9.9,7.8,1.8,-2.3,,,,,,,,,,,,,,
212,홍천,2025-03-03,1.3,-.3,356,4.1,1301,,,,,,9.1,11.8,50,1222,5.7,50,1430,2.3,2024,50,-4.4,50,1530,67.4,4.5,1007.8,1027.6,1926,1020.9,138,1025.5,11.4,7.3,,,,,,,,,8.8,2.5,0,-4.6,,,,,,,,,,,,,,
212,홍천,2025-03-04,1.1,-.1,2,2.4,852,,,,,,5.1,8.1,70,925,3.7,50,913,.8,712,70,-2.4,58,456,78.5,5.2,1006.3,1027.9,54,1020.8,1851,1024,11.5,.4,,,,,,,,,9.4,6.5,-.3,-3.4,,,,,,,,,,,,,,
212,홍천,2025-03-05,3.3,-.1,657,8,1653,,,,,,,3.5,340,1352,1.9,320,1727,.4,377,180,-1,46,1658,75.3,5.7,1006.1,1025.1,2306,1021.2,1538,1023.6,11.5,.8,,,,,,,,,9.1,7.3,1.8,-1.2,,,,,,,,,,,,,,
212,홍천,2025-03-06,2.6,-2.7,655,9.7,1400,,,,,,,5.3,320,1306,3.1,320,1422,.6,530,290,-3.2,33,1355,69.4,4.8,1008.9,1029.2,2329,1024.3,1550,1026.5,11.6,7.8,,,,,,,,,2.8,.6,2.6,-7.9,,,,,,,,,,,,,,
212,홍천,2025-03-07,2.8,-3.5,723,9.6,1535,,,,,,,5.5,270,1430,2.8,290,1550,.6,487,270,-3.9,32,1611,65,4.6,1010.9,1031.6,821,1026.1,1706,1028.5,11.6,7.8,,,,,,,,,4.8,.4,2.9,-8.4,,,,,,,,,,,,,,
212,홍천,2025-03-08,4.4,-.4,718,11.1,1508,,,,,,,6.5,290,1341,3.2,270,1407,1,821,250,-5.2,21,1610,55.3,4.2,1009.1,1029.6,2358,1024,1519,1026.6,11.7,8.4,,,,,,,,,4.1,1.4,4.7,-5,,,,,,,,,,,,,,
212,홍천,2025-03-09,4,-3.3,630,13.5,1506,,,,,,,4.5,230,1421,2.4,250,1420,.6,490,50,-4.3,23,1519,59.5,4.5,1013.2,1033.7,855,1028,1735,1030.8,11.7,9.5,,,,,,,,,.4,0,4.7,-7.2,,,,,,,,,,,,,,
212,홍천,2025-03-10,5.3,-2.6,638,14.3,1438,,,,,,,8.8,290,1335,4.2,290,1336,.8,686,180,-2.7,24,1413,61,5,1009.6,1031.2,802,1023,1741,1027,11.7,9.6,,,,,,,,,.4,0,5,-7.1,,,,,,,,,,,,,,
212,홍천,2025-03-11,6.4,-2.1,659,16.8,1522,,,,,,,4.8,340,1354,2.6,340,1356,.6,509,50,-3.6,19,1708,56.3,4.8,1004.3,1025.6,644,1016.9,1717,1021.6,11.8,9.2,,,,,,,,,2.6,.1,6,-6.4,,,,,,,,,,,,,,
212,홍천,2025-03-12,7,.9,638,14.1,1429,,,,,,,8.6,230,1654,3.4,250,1655,.9,765,250,1.2,41,1200,69,6.8,1000.1,1020.6,2358,1013.9,1600,1017.2,11.8,1.4,,,,,,,,,6,3.4,6.5,-2.1,,,,,,,,,,,,,,
212,홍천,2025-03-13,7.1,.3,653,16.9,1500,,,,,,,7.5,290,1303,4,290,1308,.8,692,320,-4.3,12,1609,56.1,4.7,1006,1026.7,2355,1020.4,8,1023.2,11.9,7.5,,,,,,,,,6.3,2.8,7.4,-3.6,,,,,,,,,,,,,,
212,홍천,2025-03-14,8.8,-1.1,643,18.8,1546,,,,,,,5.5,110,2054,2.6,110,2200,.8,729,90,-4.8,15,1509,43.9,4.3,1009.4,1029.8,802,1023.7,1548,1026.6,11.9,9.8,,,,,,,,,2.9,.3,8,-4.6,,,,,,,,,,,,,,
212,홍천,2025-03-15,9.6,5.1,709,15.4,1352,,,,,,,6.5,90,1937,2.9,50,1658,1.2,1076,70,-2,25,1203,46.5,5.3,1005.8,1026.5,849,1019.6,1721,1022.9,11.9,5.6,,,,,,,,,8.4,3.9,9,3.7,,,,,,,,,,,,,,
212,홍천,2025-03-16,3.6,.3,2130,7,1,,,,,,5.6,8,290,1515,3.9,270,1406,1.5,1325,290,-.8,46,1935,74.1,5.9,996.5,1020,1,1010.9,1625,1013.8,12,.5,,,,,,,,,9.3,7.9,5,-.8,,,,,,,,,,,,,,
212,홍천,2025-03-17,2.5,-1.1,531,6.5,1515,,,,,,,8,320,1542,3.6,270,1614,1.5,1261,270,-8.5,21,1614,47,3.3,999.5,1018.9,908,1014.3,1,1016.9,12,5.4,,,,,,,,,8,5.8,4.8,-4.6,,,,,,,,,,,,,,
212,홍천,2025-03-18,.8,-1.7,2321,5.7,1613,,,,,,2.4,8.8,20,1650,4.7,340,1603,1.4,1198,50,-2.5,46,1631,79.5,5.1,998.9,1023.3,2326,1012.9,614,1016.5,12.1,3.2,,,,,,,,,7.6,6.6,3.1,-5.3,,,,,,,,,,,,,,
212,홍천,2025-03-19,1.5,-4.5,654,7.4,1536,,,,,,,8.3,290,1506,4.3,290,1331,1.3,1109,270,-8.2,21,1431,55.4,3.4,1006.5,1026.1,901,1022.1,1705,1024.2,12.1,10,,,,,,,,,0,0,4.1,-9,,,,,,,,,,,,,,
212,홍천,2025-03-20,6.4,-1.7,126,14.4,1706,,,,,,,8.8,230,1752,4,230,1736,1.4,1178,250,-2.1,33,1727,56.3,5.4,1001.9,1025.2,28,1013.8,1728,1019.1,12.1,5.7,,,,,,,,,4.4,4.4,6.5,-5.5,,,,,,,,,,,,,,
212,홍천,2025-03-21,11.2,4.3,555,19.9,1617,,,,,,,9.8,290,1705,5,290,1708,1.4,1220,250,1.1,24,1623,54.5,6.7,995.4,1015.8,144,1007.7,1625,1012.2,12.2,8.9,,,,,,,,,1,1,9.7,.8,,,,,,,,,,,,,,
212,홍천,2025-03-22,11.9,2.2,637,22.6,1523,,,,,,,10.5,230,1640,4.6,230,1552,1.2,1022,250,-.1,19,1608,49.1,6.1,993.5,1012.8,209,1006.4,1519,1010.3,12.2,10.3,,,,,,,,,0,0,10.3,-1.5,,,,,,,,,,,,,,
212,홍천,2025-03-23,12.9,2.3,612,24,1545,,,,,,,7.3,290,1434,3.5,290,1335,.8,648,200,.7,18,1323,49,6.5,994,1014.7,817,1007.5,1654,1010.7,12.3,9.4,,,,,,,,,3,0,11.4,-1.3,,,,,,,,,,,,,,
212,홍천,2025-03-24,14.9,7.8,559,22.9,1523,,,,,,,10.3,230,1321,4.7,290,1128,1.4,1183,250,3.7,24,1642,50.5,8,987,1008.6,1,999.2,1602,1003.4,12.3,7.3,,,,,,,,,4.3,.9,12.8,5.7,,,,,,,,,,,,,,
212,홍천,2025-03-25,14,8.1,2400,23,1517,,,,,,,13,230,1623,5.4,250,1604,1.6,1360,230,4.1,28,1458,54.8,8.3,984.3,1005.6,2345,991.9,1541,1000.7,12.3,5.1,,,,,,,,,5.1,1.4,12.6,3.4,,,,,,,,,,,,,,
212,홍천,2025-03-26,12.9,2.6,601,24.3,1651,,,,,,,4.5,270,1439,2.6,290,1443,.8,709,70,.4,15,1422,50.4,6.4,988.6,1010.8,742,1000.7,1836,1005.2,12.4,10.1,,,,,,,,,3.8,0,12.5,-.5,,,,,,,,,,,,,,
212,홍천,2025-03-27,13.7,9.9,2358,19.3,1456,,,,,,0,6.3,270,2008,3.1,290,2032,1.2,1039,50,5.6,34,2042,59.8,9.3,985.2,1007.4,2312,999.1,618,1001.7,12.4,.8,,,,,,,,,8.6,6.8,12.5,7,,,,,,,,,,,,,,
212,홍천,2025-03-28,6.6,2,2359,11.8,1608,,,,,,1.5,9.5,270,1643,4.9,290,1625,1.6,1395,250,-5.1,9,1659,50.6,4.8,997,1020.6,2353,1007.3,1,1014.2,12.5,4.4,,,,,,,,,6.1,3.3,9.1,-3.1,,,,,,,,,,,,,,
212,홍천,2025-03-29,.7,-3.4,652,7.2,1121,,,,,,1.9,11.1,290,1523,5.9,290,1453,1.8,1586,250,-9.2,16,1712,53.4,3.4,1005.2,1027.5,2354,1019.5,1623,1022.9,12.5,7.9,,,,,,,,,2.3,1.3,4.1,-6.5,,,,,,,,,,,,,,
212,홍천,2025-03-30,1,-4.8,703,7.6,1401,,,,,,0,9.3,290,1322,4.8,270,1117,1.4,1186,50,-6.6,24,1008,58.4,3.8,1011.1,1031,915,1026.4,1856,1028.8,12.5,7.9,,,,,,,,,2.3,1.1,3.7,-9.6,,,,,,,,,,,,,,
212,홍천,2025-03-31,5.2,-3.2,627,14,1434,,,,,,,8.6,290,1514,3.3,320,1452,.9,797,50,-4.7,22,1435,54.4,4.3,1008.9,1029.5,425,1022.5,1605,1026.3,12.6,9.6,,,,,,,,,3,.1,7.7,-5.9,,,,,,,,,,,,,,
216,태백,2025-03-01,4.9,-6.2,543,16.3,1335,,,,,,0,7.2,230,1401,3.3,200,1405,.9,746,360,-8.6,11,1239,44.1,3.3,934.3,1025.5,501,1013.1,1428,1019.2,11.4,4.6,1300,2.51,11.38,,,,,,7.3,3.1,1.6,-10.4,,,,,,,,,,2.3,3.2,,,
216,태백,2025-03-02,2.2,-2.5,2355,7.9,1032,,,,,,18.1,11.6,70,1251,4.9,360,1251,1.7,1503,20,-1.1,45,1038,80.4,5.7,935,1024.4,1915,1017.2,156,1020.8,11.4,0,1100,.41,2,,,,,,9.6,9.5,1.4,-1.9,,,,,,,,,,.5,.7,,,
216,태백,2025-03-03,-3.9,-4.6,1931,-2.5,1,,,,,,33.6,11.3,70,1235,4.9,20,1222,2.5,2198,20,-6.1,77,1836,84.1,3.9,939.5,1030.1,1847,1022.3,216,1027.7,11.5,0,1200,.2,1.1,,,,,,10,10,0,-1.6,,,,,,,,,,.4,.5,,,
216,태백,2025-03-04,-2.6,-4.3,1,-1.4,1257,,,,,,12.4,10.1,50,1235,5.1,360,1329,2.8,2441,20,-4.4,80,217,87.1,4.4,937.3,1030.1,34,1022.2,1641,1024.9,11.5,0,1300,.48,2.19,,,,,,10,9.9,0,-.4,,,,,,,,,,.4,.5,,,
216,태백,2025-03-05,-1.3,-2.1,2248,.5,1143,,,,,,3.2,9.2,340,102,4.7,50,1325,1.8,1543,50,-2.9,82,1142,88.5,5,936.6,1025.6,2140,1021.5,106,1023.7,11.5,0,1200,.3,1.42,,,,,,9.8,9.5,0,-.2,,,,,,,,,,.3,.5,,,
216,태백,2025-03-06,-2.5,-6.7,2359,3.2,1420,,,,,,1.5,6.6,70,1545,4.2,20,1554,1.2,1044,50,-4.7,61,1210,85,4.3,939.6,1031.3,2352,1024,1421,1027.4,11.6,1.1,1400,1.21,4.87,,,,,,7,6.6,.1,-.2,,,,,,,,,,.6,.8,,,
216,태백,2025-03-07,-1.5,-10.6,654,6.2,1208,,,,,,,5.2,50,1610,3.3,20,1614,1.1,911,20,-6,42,1214,74.3,4,941.7,1034,722,1025.7,1543,1029.4,11.6,4.5,1100,2.66,13.35,,,,,,5.3,3.3,0,-.2,,,,,,,,,,1.4,2.1,,,
216,태백,2025-03-08,1.8,-1.4,12,6.3,1352,,,,,,.1,7.6,200,1506,3.3,180,1340,1.4,1217,180,-4.4,43,1453,64.5,4.4,939.7,1029.1,31,1023.2,1452,1026,11.7,4.3,1300,2.34,12.44,,,,,,5.6,4.5,.1,-.1,,,,,,,,,,1.6,2.2,,,
216,태백,2025-03-09,1,-7.5,707,10.6,1311,,,,,,,6.6,50,1515,4.1,20,1523,.9,816,20,-6.2,22,1346,64.5,3.9,943.7,1034.3,724,1026.7,1404,1030.7,11.7,9.2,1200,2.94,20.07,,,,,,.4,0,.1,-1,,,,,,,,,,2.6,3.8,,,
216,태백,2025-03-10,1.6,-6.8,533,10.1,1309,,,,,,,7.8,230,1428,3.3,180,1415,1.1,950,180,-5,31,1234,65.9,4.2,940.7,1033.3,118,1021.8,1633,1027.2,11.7,8.9,1200,2.65,17.81,,,,,,3.3,0,.1,-1,,,,,,,,,,2.3,3.3,,,
216,태백,2025-03-11,5.7,-2.8,602,16.4,1311,,,,,,,6.2,180,1630,2.9,160,1631,1,855,180,-6.5,7,1157,50,3.9,935.6,1025.2,717,1014.7,1617,1020.3,11.8,9.2,1200,2.99,19.65,,,,,,2.4,1.1,.1,-.2,,,,,,,,,,3.5,4.9,,,
216,태백,2025-03-12,7.4,-.1,149,13.9,1401,,,,,,,9.4,320,1451,3.6,290,1128,1.5,1305,200,-2.4,21,938,51.6,5.2,930.7,1020.4,3,1010.4,1618,1014.4,11.8,8.6,1200,3.13,19.2,,,,,,6,3.1,.1,0,,,,,,,,,,3.2,4.6,,,
216,태백,2025-03-13,5.8,0,2335,14.8,1356,,,,,,,6.6,20,1003,3.3,20,1738,1.1,984,20,-10,12,1454,36.5,3,937,1027.2,2341,1018,1448,1021.7,11.9,8,1300,2.83,17.77,,,,,,6.3,3.5,.1,-3.4,,,,,,,,,,3.2,4.6,,,
216,태백,2025-03-14,3.4,-2.7,633,10,1352,,,,,,,9.6,70,1114,5.2,50,1053,1.7,1432,20,-4.9,24,952,60,4.4,942.5,1031,725,1025.8,1453,1028.5,11.9,9.4,1200,2.97,19.68,,,,,,3.8,1.4,.1,-4.3,,,,,,,,,,2.6,3.7,,,
216,태백,2025-03-15,1.9,0,1,4.6,1040,,,,,,1,6.9,320,1045,3,70,1237,1.1,962,90,-2.1,54,1041,76,5.3,939.3,1030,1,1020.6,2400,1025.6,11.9,.3,1000,1.01,4.78,,,,,,9.8,8.4,.1,-2.2,,,,,,,,,,.7,1,,,
216,태백,2025-03-16,.4,-4.5,2333,3.8,1203,,,,,,2.8,6.9,340,1859,3.2,320,1920,1.2,1074,180,-2.4,64,1814,81.9,5.2,926.2,1020.8,11,1007.5,1424,1011.8,12,0,1200,1.18,6.97,,,,,,9.9,8.8,.3,-5.6,,,,,,,,,,.8,1.2,,,
216,태백,2025-03-17,-2.2,-5.4,2400,2,1516,,,,,,11.5,9.9,360,259,4.4,320,259,1.6,1365,200,-8.6,33,1548,63.8,3.3,929.2,1018.2,2019,1010.6,31,1015.9,12,3.2,1500,1.16,5.71,,,,,,7.6,5,0,-4.2,,,,,,,,,,.9,1.2,,,
216,태백,2025-03-18,-3.5,-7,2352,1.8,1046,,,,,,20.3,12.5,360,1558,6.3,340,1607,1.8,1593,360,-7.2,40,1205,77.5,3.6,928.4,1023.4,2346,1010.1,1221,1015.5,12.1,2.9,900,1.38,7.29,,,,,,7.9,5.9,0,-4.6,,,,,,,,,,.8,1.1,,,
216,태백,2025-03-19,-3.5,-13.7,637,2.9,1541,,,,,,,9.6,200,1202,3.5,200,1458,1.3,1129,200,-10.3,37,1634,62,2.8,935.8,1027.7,619,1020.3,1541,1023.6,12.1,8.6,1200,2.96,17,,,,,,2.3,.9,.1,-.3,,,,,,,,,,1.8,2.6,,,
216,태백,2025-03-20,4.2,-3.6,507,9.6,1455,,,,,,,11.4,230,1557,4.4,200,1351,2.2,1906,200,-5.6,34,1300,50,4.1,932.1,1023.5,1,1012.4,1937,1016.9,12.1,9.4,1200,3.15,21.31,,,,,,1,0,.1,-1,,,,,,,,,,3.1,4.4,,,
216,태백,2025-03-21,9.7,2.3,352,15.9,1447,,,,,,,15.8,250,1858,5,200,1114,2.3,1991,200,-4.3,22,1355,40.1,4.5,926.8,1014.3,216,1005,1627,1009.4,12.2,9.5,1200,3.13,20.76,,,,,,0,0,.1,-.4,,,,,,,,,,4.3,6.1,,,
216,태백,2025-03-22,13.2,6.9,300,19.6,1441,,,,,,,11.9,250,1122,5.2,200,1305,2.4,2100,200,-4.5,22,1442,30.3,4.4,926.1,1010.5,154,1003.2,1616,1007.4,12.2,9.5,1200,3.1,20.71,,,,,,.5,.5,4.8,.9,,,,,,,,,,4.4,6.3,,,
216,태백,2025-03-23,12.8,2.9,649,22.3,1316,,,,,,,8.3,200,1419,3.7,180,1421,1.3,1094,50,-3.6,14,1318,35.5,4.7,928.1,1013.9,655,1006.1,1523,1009.7,12.2,9.4,1200,3.16,21.06,,,,,,2.5,2.1,5.8,-3,,,,,,,,,,4.3,6.1,,,
216,태백,2025-03-24,13.4,6.8,56,19.9,1358,,,,,,0,12,290,954,4.8,200,1157,2,1733,200,-1.3,20,1651,37.4,5.6,921.4,1010.2,3,997.7,1604,1002.2,12.3,8.1,1200,2.94,18.51,,,,,,4,1.1,8.3,-.3,,,,,,,,,,3.8,5.4,,,
216,태백,2025-03-25,12.7,3.2,640,20.7,1628,,,,,,,16.6,250,1707,6.1,200,1708,2.5,2161,200,-1.3,17,1203,42.4,5.7,917.9,1005.2,647,989.4,1634,998.7,12.3,8.7,1100,2.84,18.65,,,,,,1.8,0,8,-2,,,,,,,,,,,,,,
216,태백,2025-03-26,13.6,2.9,647,21.7,1359,,,,,,,10.8,230,1404,4.9,200,1430,1.8,1534,200,-5,6,1351,31.4,4.4,923.2,1010.2,704,1000.7,2327,1004.1,12.4,9.6,1200,3.12,20.93,,,,,,.8,0,8.3,-2.6,,,,,,,,,,5.2,7.5,,,
216,태백,2025-03-27,14.6,5.2,2334,21.4,1059,,,,,,1.2,13.8,250,332,5.4,200,242,2.3,2021,200,8.1,38,9,67.1,11,919.1,1007.6,2338,995.4,1056,999.3,12.4,2.2,1000,1.86,8.35,,,,,,8,5.1,11.4,5.2,,,,,,,,,,1.5,2.2,,,
216,태백,2025-03-28,1,-2.9,2318,5.5,3,,,,,,2.6,9.4,70,1146,4.6,20,919,2,1703,50,-.6,58,1640,89.1,5.9,928.4,1020.5,2256,1007,30,1014,12.5,.8,1600,1.14,4.8,,,,,,9.4,7.6,3,-6.9,,,,,,,,,,.7,.9,,,
216,태백,2025-03-29,-1.8,-7,629,6,1220,,,,,,1.2,14.6,200,1307,4.2,200,1743,1.7,1448,200,-11.5,20,1222,54.4,2.8,934,1025.6,2359,1016.4,1307,1021,12.5,8,1100,3.22,19.33,,,,,,3.4,1.6,1,-10.2,,,,,,,,,,2.4,3.5,,,
216,태백,2025-03-30,-1.1,-7.9,622,5.4,1502,,,,,,0,9.7,360,1045,4.4,320,1049,1.8,1535,250,-13.5,19,1318,40.8,2.3,940,1030.4,642,1024.2,1500,1027.3,12.5,8.9,1100,3.21,22.4,,,,,,1.6,.8,2.9,-10.6,,,,,,,,,,2.5,3.6,,,
216,태백,2025-03-31,3.4,-2.4,353,11.2,1413,,,,,,0,9.3,340,515,4.1,340,1235,1.5,1269,200,-7.6,22,1243,48,3.5,939.3,1028.3,1,1020.8,1626,1025.1,12.6,9.2,1200,3.19,22.62,,,,,,3.4,2.4,5.3,-6.1,,,,,,,,,,3,4.3,,,
217,정선군,2025-03-01,,-5.7,710,11.2,1308,,,,,,,2.3,160,53,1.4,160,57,,,,,34,1305,,,,1025,300,1017.1,1308,,11.4,,,,,,,,,,7,,,-10.4,,,,,,,,,,,,,,
217,정선군,2025-03-02,,,,,,,,,,,,,,,,,,,,,,,,,,,,,,,,11.4,,,,,,,,,,9.6,,,,,,,,,,,,,,,,,
217,정선군,2025-03-03,-1.6,-2.3,736,.6,1230,,,,,,13.2,7.9,320,1417,,140,726,2,1728,160,-6.8,54,1242,68.3,3.7,988,1029.5,1919,1022.5,11,1027.3,11.5,0,,,,,,,,,10,8.4,-.2,-.6,-.4,0,-.7,-.8,,,,,,,,,,
217,정선군,2025-03-04,-.9,-2,11,.7,1309,,,,,,3.5,10.2,360,820,4,360,1021,1.6,1419,290,-4.6,60,25,76.3,4.4,985.4,1029.2,36,1021.8,1649,1024.5,11.5,0,,,,,,,,,9.6,6.5,-.3,-.4,-.4,0,-.7,-.7,,,,,,,,,,
217,정선군,2025-03-05,1.1,-2,1,6,1317,,,,,,,6.4,340,1455,4.7,320,1455,1.2,1037,110,-3.5,50,1317,72.5,4.7,984.7,1025.6,2204,1021.1,1452,1023.5,11.5,.1,,,,,,,,,8.4,7.3,-.3,-.3,-.4,.1,-.3,-.4,,,,,,,,,,
217,정선군,2025-03-06,-.7,-4.9,721,6.1,1253,,,,,,,4.7,50,1344,4.2,50,1344,.8,648,140,-4.4,42,1311,77.4,4.4,988.1,1031.8,947,1024.7,1313,1027.3,11.6,4.3,,,,,,,,,5.3,,-.3,-1.5,-.5,.2,-.4,-.5,,,,,,,,,,
217,정선군,2025-03-07,1.3,-4.1,10,8.4,1522,,,,,,,5,290,1445,3.2,140,511,1.3,1080,140,-5.2,30,1525,65.6,4.2,989.9,1032.5,806,1025.5,1545,1028.9,11.6,7.5,,,,,,,,,8,5,-.3,-2,-.3,.4,-.1,-.3,,,,,,,,,,
217,정선군,2025-03-08,2.5,-2.7,2347,9,1510,,,,,,,7.1,290,1348,3.6,140,1452,1.2,1002,180,-4,33,1843,65.1,4.6,987.8,1029.8,2353,1023.2,1608,1026.5,11.7,5.4,,,,,,,,,5.6,2.8,3.6,-7.2,.1,.8,.4,.1,,,,,,,,,,
217,정선군,2025-03-09,2.4,-6,640,13.3,1552,,,,,,,5.1,160,1352,2.9,180,1725,.8,719,140,-5.8,21,1631,61.4,4,991.8,1034.1,736,1026.9,1551,1030.7,11.7,9.7,,,,,,,,,.4,0,4.2,-8.9,.9,1.4,.9,.5,,,,,,,,,,
217,정선군,2025-03-10,3.5,-5.2,651,14,1458,,,,,,,9.5,160,1233,3.9,180,1236,1.1,919,140,-5.3,21,1507,60.5,4.2,988.5,1032.5,717,1021.9,1629,1027.1,11.7,9.8,,,,,,,,,2.4,0,4.6,-8.4,1.9,2.3,1.5,1,,,,,,,,,,
217,정선군,2025-03-11,5.1,-4.5,632,18.1,1546,,,,,,,5.5,290,1449,3,290,1441,.8,726,160,-5.4,9,1544,55.8,4.1,983.2,1026.1,657,1015.5,1602,1021.3,11.8,10,,,,,,,,,1.3,0,5.2,-8.4,2.9,3.2,2.3,1.7,,,,,,,,,,
217,정선군,2025-03-12,7.3,-2,711,15.6,1415,,,,,,,12.4,160,1344,5.2,200,1352,1.9,1604,160,-2,29,1159,54.5,5.4,978.1,1020.1,1,1011.5,1548,1015.7,11.8,8.7,,,,,,,,,6.3,1.1,6.4,-5.8,4.6,4.4,3.5,2.5,,,,,,,,,,
217,정선군,2025-03-13,6.7,-1.6,650,18.6,1519,,,,,,,6.4,340,1534,3.6,320,1538,1,852,230,-7.1,7,1550,47.6,3.8,984.2,1027.1,2359,1018.2,1549,1022.1,11.9,9.6,,,,,,,,,5.5,.1,6.7,-6.1,5,5.2,4.2,3.3,,,,,,,,,,
217,정선군,2025-03-14,5.6,-3.1,630,15.6,1425,,,,,,,8.9,50,1106,5,340,1402,1.5,1330,160,-5.1,17,1131,52.9,4.3,989.4,1030.8,745,1024,1611,1027.8,11.9,10,,,,,,,,,3.4,1,6.3,-8.5,4.9,5.1,4.2,3.5,,,,,,,,,,
217,정선군,2025-03-15,5.7,1.6,345,10.4,1058,,,,,,,9,200,1400,5.6,200,1355,1.8,1562,110,-3.2,28,1030,54.5,4.9,986.3,1028.7,1,1020.2,2400,1024.5,11.9,3.8,,,,,,,,,8.6,5.8,7.8,-.8,6,5.8,4.7,3.9,,,,,,,,,,
217,정선군,2025-03-16,1.9,-2.6,2314,4.5,1,,,,,,5.5,9,320,1502,4.2,320,1818,1.6,1405,140,-2.1,55,2103,75.4,5.3,974.3,1020.2,1,1009,1412,1012.5,12,0,,,,,,,,,9.8,5.3,5.4,-1,5.3,5.8,4.5,3.9,,,,,,,,,,
217,정선군,2025-03-17,-.8,-4.4,707,4,1522,,,,,,5.7,8,320,1502,3.7,320,1503,1.3,1144,320,-7.1,24,1652,65.6,3.6,977.8,1018.7,2053,1012,4,1016.6,12,4.6,,,,,,,,,7.4,4.4,3.3,-7.1,3.3,4.5,3.7,3.5,,,,,,,,,,
217,정선군,2025-03-18,-2.1,-5.1,2358,3.6,1252,,,,,,9.4,8.2,320,1654,3.2,340,1656,1,864,140,-4.7,45,1059,83.1,4.4,977.1,1023.2,2313,1011.1,1250,1016.1,12.1,3.1,,,,,,,,,7.9,4.6,-.4,-5.7,2.6,3.6,2.8,2.7,,,,,,,,,,
217,정선군,2025-03-19,-1.7,-7.2,331,5.5,1616,,,,,,,9.2,290,1813,3.4,290,1747,1.5,1311,160,-9.4,24,1656,59.8,3,984.8,1026.8,806,1020.8,1613,1024,12.1,6.1,,,,,,,,,4.3,1.9,3.6,-6.7,2.7,3.6,2.8,2.6,,,,,,,,,,
217,정선군,2025-03-20,4.1,-6.8,642,12.9,1627,,,,,,,10.1,180,1526,4.2,180,1534,1.9,1631,160,-5.3,29,1833,53,4.2,980.4,1024.9,506,1013.1,1750,1018.6,12.1,10,,,,,,,,,1.1,0,3.4,-8.6,3.4,3.7,3.1,2.8,,,,,,,,,,
217,정선군,2025-03-21,12,3.9,425,19.6,1535,,,,,,,13.3,320,1633,5.4,180,1319,3.1,2685,340,-3.4,11,1458,40,4.9,974.2,1015.5,157,1005.7,1656,1010.9,12.2,9.3,,,,,,,,,2.3,1.6,8.9,-1.3,6.7,6.1,5.2,4.2,,,,,,,,,,
217,정선군,2025-03-22,12.5,1.1,657,23.3,1541,,,,,,,15.8,290,1616,6.3,290,1623,2.2,1912,270,-2.9,14,1542,39.3,5,972.6,1013.5,654,1004.3,1513,1009.3,12.2,9.9,,,,,,,,,0,0,11.1,-4.4,8.2,7.6,6.6,5.5,,,,,,,,,,
217,정선군,2025-03-23,12.3,.8,637,25.3,1517,,,,,,,9.6,230,1554,4.2,110,1533,1,893,230,-2.2,13,1552,43,5.2,973.7,1014.9,735,1006.2,1605,1010.5,12.3,9.5,,,,,,,,,2.5,0,11.6,-4.8,8.4,8.1,7.1,6.1,,,,,,,,,,
217,정선군,2025-03-24,14.4,4.6,645,23,1431,,,,,,0,13.8,160,1149,5.4,160,1139,2.1,1825,290,1.1,16,1811,45.4,6.8,966.8,1009.4,1,997.8,1635,1003,12.3,7.3,,,,,,,,,3.1,.1,13,-.7,9.8,9.2,8.1,6.9,,,,,,,,,,
217,정선군,2025-03-25,13.7,6.3,439,24.1,1506,,,,,,,18.9,270,1604,6.2,110,1611,2.6,2223,290,.7,14,1445,47,6.6,963.6,1004.2,629,989.9,1650,999.7,12.3,6.5,,,,,,,,,2.9,.6,12.4,.5,9.9,9.9,8.7,7.5,,,,,,,,,,
217,정선군,2025-03-26,12.9,1.3,645,25.6,1436,,,,,,,9.5,320,1607,4.4,320,1609,1.5,1270,140,-3.2,6,1422,40,4.9,968.5,1011,747,1000,1719,1005,12.4,9.8,,,,,,,,,2.3,0,14.7,-4.3,10.5,9.8,8.8,7.8,,,,,,,,,,
217,정선군,2025-03-27,15.1,7.6,209,19.4,1616,,,,,,.2,8.1,290,949,4.2,340,616,1.8,1590,140,8.1,40,530,64.1,11.1,964.1,1005.8,2400,997.4,1609,1000.1,12.4,.3,,,,,,,,,9,4.4,14.3,2.7,11.4,10.3,9,8.1,,,,,,,,,,
217,정선군,2025-03-28,3.5,-1.5,2255,10.5,1,,,,,,5.3,4.6,340,419,3,340,423,1.2,1058,160,.5,64,1734,81.8,6.4,975.5,1020.3,2326,1005.8,1,1013.6,12.5,1.5,,,,,,,,,8.6,5.5,6.1,-5.9,6,9,7.8,7.3,,,,,,,,,,
217,정선군,2025-03-29,.7,-4.2,705,7.2,1159,,,,,,.7,15,160,1237,6,320,1616,2.5,2137,270,-10.2,13,1930,51.6,3.2,982.8,1026.5,2352,1017.9,1535,1021.6,12.5,6.2,,,,,,,,,2.1,.8,4.9,-8.5,3.7,7,6.2,6.3,,,,,,,,,,
217,정선군,2025-03-30,.6,-6,719,6.2,1311,,,,,,,11.5,290,1418,5.1,320,1357,2.4,2033,320,-13.1,14,1124,36.8,2.4,988.8,1030.6,728,1025.4,1525,1027.8,12.5,8.2,,,,,,,,,2.3,1.1,1.9,-11.3,2.3,5.8,5.3,5.5,,,,,,,,,,
217,정선군,2025-03-31,4.8,-3.1,654,13.7,1449,,,,,,,8.6,290,1456,4.6,290,1347,1.5,1262,320,-7.2,16,1439,46.9,3.6,987.2,1028.9,639,1021.4,1526,1025.5,12.6,8,,,,,,,,,3.4,.4,7.5,-7.7,5.6,6.6,6,5.8,,,,,,,,,,
